agent,time,x,y,z,original_x,original_y,original_z,attractive_force_x,attractive_force_y,attractive_force_z,repulsive_force_x,repulsive_force_y,repulsive_force_z,total_force_x,total_force_y,total_force_z,attractive_magnitude,repulsive_magnitude,total_magnitude,displacement_magnitude
0,0.0,0.19999999999999998,0.0,0.0,0.0,0.0,0.0,0.19999999999999998,0.0,0.0,0.0,0.0,0.0,0.19999999999999998,0.0,0.0,0.19999999999999998,0.0,0.19999999999999998,0.19999999999999998
1,0.0,0.19999999999999998,19.0,0.0,0.0,19.0,0.0,0.19999999999999998,0.0,0.0,0.0,0.0,0.0,0.19999999999999998,0.0,0.0,0.19999999999999998,0.0,0.19999999999999998,0.19999999999999998
2,0.0,10.0,10.0,0.19999999999999998,10.0,10.0,0.0,0.0,0.0,0.19999999999999998,0.0,0.0,0.0,0.0,0.0,0.19999999999999998,0.19999999999999998,0.0,0.19999999999999998,0.19999999999999998
3,0.0,18.8,0.0,0.0,19.0,0.0,0.0,-0.20000000000000048,0.0,0.0,0.0,0.0,0.0,-0.20000000000000048,0.0,0.0,0.20000000000000048,0.0,0.20000000000000048,0.20000000000000048
0,0.2,0.4,0.0,0.0,0.2,0.0,0.0,0.20000000000000004,0.0,0.0,0.0,0.0,0.0,0.20000000000000004,0.0,0.0,0.20000000000000004,0.0,0.20000000000000004,0.20000000000000004
1,0.2,0.4,19.0,0.0,0.2,19.0,0.0,0.20000000000000004,0.0,0.0,0.0,0.0,0.0,0.20000000000000004,0.0,0.0,0.20000000000000004,0.0,0.20000000000000004,0.20000000000000004
2,0.2,10.0,10.0,0.4,10.0,10.0,0.2,0.0,0.0,0.20000000000000004,0.0,0.0,0.0,0.0,0.0,0.20000000000000004,0.20000000000000004,0.0,0.20000000000000004,0.20000000000000004
3,0.2,18.6,0.0,0.0,18.8,0.0,0.0,-0.20000000000000048,0.0,0.0,0.0,0.0,0.0,-0.20000000000000048,0.0,0.0,0.20000000000000048,0.0,0.20000000000000048,0.20000000000000048
0,0.4,0.6,0.0,0.0,0.4,0.0,0.0,0.19999999999999998,0.0,0.0,0.0,0.0,0.0,0.19999999999999998,0.0,0.0,0.19999999999999998,0.0,0.19999999999999998,0.19999999999999998
1,0.4,0.6,19.0,0.0,0.4,19.0,0.0,0.19999999999999998,0.0,0.0,0.0,0.0,0.0,0.19999999999999998,0.0,0.0,0.19999999999999998,0.0,0.19999999999999998,0.19999999999999998
2,0.4,10.0,10.0,0.6,10.0,10.0,0.4,0.0,0.0,0.19999999999999998,0.0,0.0,0.0,0.0,0.0,0.19999999999999998,0.19999999999999998,0.0,0.19999999999999998,0.19999999999999998
3,0.4,18.400000000000002,0.0,0.0,18.6,0.0,0.0,-0.20000000000000048,0.0,0.0,0.0,0.0,0.0,-0.20000000000000048,0.0,0.0,0.20000000000000048,0.0,0.20000000000000048,0.20000000000000048
0,0.6,0.7999999999999999,0.0,0.0,0.6,0.0,0.0,0.19999999999999998,0.0,0.0,0.0,0.0,0.0,0.19999999999999998,0.0,0.0,0.19999999999999998,0.0,0.19999999999999998,0.19999999999999998
1,0.6,0.7999999999999999,19.0,0.0,0.6,19.0,0.0,0.19999999999999998,0.0,0.0,0.0,0.0,0.0,0.19999999999999998,0.0,0.0,0.19999999999999998,0.0,0.19999999999999998,0.19999999999999998
2,0.6,10.0,10.0,0.7999999999999999,10.0,10.0,0.6,0.0,0.0,0.19999999999999998,0.0,0.0,0.0,0.0,0.0,0.19999999999999998,0.19999999999999998,0.0,0.19999999999999998,0.19999999999999998
3,0.6,18.2,0.0,0.0,18.4,0.0,0.0,-0.1999999999999993,0.0,0.0,0.0,0.0,0.0,-0.1999999999999993,0.0,0.0,0.1999999999999993,0.0,0.1999999999999993,0.1999999999999993
0,0.8,1.0,0.0,0.0,0.8,0.0,0.0,0.19999999999999996,0.0,0.0,0.0,0.0,0.0,0.19999999999999996,0.0,0.0,0.19999999999999996,0.0,0.19999999999999996,0.19999999999999996
1,0.8,1.0,19.0,0.0,0.8,19.0,0.0,0.19999999999999996,0.0,0.0,0.0,0.0,0.0,0.19999999999999996,0.0,0.0,0.19999999999999996,0.0,0.19999999999999996,0.19999999999999996
2,0.8,10.0,10.0,1.0,10.0,10.0,0.8,0.0,0.0,0.19999999999999996,0.0,0.0,0.0,0.0,0.0,0.19999999999999996,0.19999999999999996,0.0,0.19999999999999996,0.19999999999999996
3,0.8,18.0,0.0,0.0,18.2,0.0,0.0,-0.1999999999999993,0.0,0.0,0.0,0.0,0.0,-0.1999999999999993,0.0,0.0,0.1999999999999993,0.0,0.1999999999999993,0.1999999999999993
0,1.0,1.2,0.0,0.0,1.0,0.0,0.0,0.20000000000000004,0.0,0.0,0.0,0.0,0.0,0.20000000000000004,0.0,0.0,0.20000000000000004,0.0,0.20000000000000004,0.20000000000000004
1,1.0,1.2,19.0,0.0,1.0,19.0,0.0,0.20000000000000004,0.0,0.0,0.0,0.0,0.0,0.20000000000000004,0.0,0.0,0.20000000000000004,0.0,0.20000000000000004,0.20000000000000004
2,1.0,10.0,10.0,1.2,10.0,10.0,1.0,0.0,0.0,0.20000000000000004,0.0,0.0,0.0,0.0,0.0,0.20000000000000004,0.20000000000000004,0.0,0.20000000000000004,0.20000000000000004
3,1.0,17.8,0.0,0.0,18.0,0.0,0.0,-0.20000000000000048,0.0,0.0,0.0,0.0,0.0,-0.20000000000000048,0.0,0.0,0.20000000000000048,0.0,0.20000000000000048,0.20000000000000048
0,1.2,1.4,0.0,0.0,1.2,0.0,0.0,0.20000000000000004,0.0,0.0,0.0,0.0,0.0,0.20000000000000004,0.0,0.0,0.20000000000000004,0.0,0.20000000000000004,0.20000000000000004
1,1.2,1.4,19.0,0.0,1.2,19.0,0.0,0.20000000000000004,0.0,0.0,0.0,0.0,0.0,0.20000000000000004,0.0,0.0,0.20000000000000004,0.0,0.20000000000000004,0.20000000000000004
2,1.2,10.0,10.0,1.4,10.0,10.0,1.2,0.0,0.0,0.20000000000000004,0.0,0.0,0.0,0.0,0.0,0.20000000000000004,0.20000000000000004,0.0,0.20000000000000004,0.20000000000000004
3,1.2,17.6,0.0,0.0,17.8,0.0,0.0,-0.20000000000000048,0.0,0.0,0.0,0.0,0.0,-0.20000000000000048,0.0,0.0,0.20000000000000048,0.0,0.20000000000000048,0.20000000000000048
0,1.4,1.5999999999999999,0.0,0.0,1.4,0.0,0.0,0.20000000000000004,0.0,0.0,0.0,0.0,0.0,0.20000000000000004,0.0,0.0,0.20000000000000004,0.0,0.20000000000000004,0.20000000000000004
1,1.4,1.5999999999999999,19.0,0.0,1.4,19.0,0.0,0.20000000000000004,0.0,0.0,0.0,0.0,0.0,0.20000000000000004,0.0,0.0,0.20000000000000004,0.0,0.20000000000000004,0.20000000000000004
2,1.4,10.0,10.0,1.5999999999999999,10.0,10.0,1.4,0.0,0.0,0.20000000000000004,0.0,0.0,0.0,0.0,0.0,0.20000000000000004,0.20000000000000004,0.0,0.20000000000000004,0.20000000000000004
3,1.4,17.400000000000002,0.0,0.0,17.6,0.0,0.0,-0.20000000000000048,0.0,0.0,0.0,0.0,0.0,-0.20000000000000048,0.0,0.0,0.20000000000000048,0.0,0.20000000000000048,0.20000000000000048
0,1.6,1.8,0.0,0.0,1.6,0.0,0.0,0.20000000000000004,0.0,0.0,0.0,0.0,0.0,0.20000000000000004,0.0,0.0,0.20000000000000004,0.0,0.20000000000000004,0.20000000000000004
1,1.6,1.8,19.0,0.0,1.6,19.0,0.0,0.20000000000000004,0.0,0.0,0.0,0.0,0.0,0.20000000000000004,0.0,0.0,0.20000000000000004,0.0,0.20000000000000004,0.20000000000000004
2,1.6,10.0,10.0,1.8,10.0,10.0,1.6,0.0,0.0,0.20000000000000004,0.0,0.0,0.0,0.0,0.0,0.20000000000000004,0.20000000000000004,0.0,0.20000000000000004,0.20000000000000004
3,1.6,17.2,0.0,0.0,17.4,0.0,0.0,-0.1999999999999993,0.0,0.0,0.0,0.0,0.0,-0.1999999999999993,0.0,0.0,0.1999999999999993,0.0,0.1999999999999993,0.1999999999999993
0,1.8,2.0,0.0,0.0,1.8,0.0,0.0,0.19999999999999996,0.0,0.0,0.0,0.0,0.0,0.19999999999999996,0.0,0.0,0.19999999999999996,0.0,0.19999999999999996,0.19999999999999996
1,1.8,2.0,19.0,0.0,1.8,19.0,0.0,0.19999999999999996,0.0,0.0,0.0,0.0,0.0,0.19999999999999996,0.0,0.0,0.19999999999999996,0.0,0.19999999999999996,0.19999999999999996
2,1.8,10.0,10.0,2.0,10.0,10.0,1.8,0.0,0.0,0.19999999999999996,0.0,0.0,0.0,0.0,0.0,0.19999999999999996,0.19999999999999996,0.0,0.19999999999999996,0.19999999999999996
3,1.8,17.0,0.0,0.0,17.2,0.0,0.0,-0.1999999999999993,0.0,0.0,0.0,0.0,0.0,-0.1999999999999993,0.0,0.0,0.1999999999999993,0.0,0.1999999999999993,0.1999999999999993
0,2.0,2.2,0.0,0.0,2.0,0.0,0.0,0.20000000000000004,0.0,0.0,0.0,0.0,0.0,0.20000000000000004,0.0,0.0,0.20000000000000004,0.0,0.20000000000000004,0.20000000000000004
1,2.0,2.2,19.0,0.0,2.0,19.0,0.0,0.20000000000000004,0.0,0.0,0.0,0.0,0.0,0.20000000000000004,0.0,0.0,0.20000000000000004,0.0,0.20000000000000004,0.20000000000000004
2,2.0,10.0,10.0,2.2,10.0,10.0,2.0,0.0,0.0,0.20000000000000004,0.0,0.0,0.0,0.0,0.0,0.20000000000000004,0.20000000000000004,0.0,0.20000000000000004,0.20000000000000004
3,2.0,16.8,0.0,0.0,17.0,0.0,0.0,-0.20000000000000048,0.0,0.0,0.0,0.0,0.0,-0.20000000000000048,0.0,0.0,0.20000000000000048,0.0,0.20000000000000048,0.20000000000000048
0,2.2,2.4,0.0,0.0,2.2,0.0,0.0,0.19999999999999987,0.0,0.0,0.0,0.0,0.0,0.19999999999999987,0.0,0.0,0.19999999999999987,0.0,0.19999999999999987,0.19999999999999987
1,2.2,2.4,19.0,0.0,2.2,19.0,0.0,0.19999999999999987,0.0,0.0,0.0,0.0,0.0,0.19999999999999987,0.0,0.0,0.19999999999999987,0.0,0.19999999999999987,0.19999999999999987
2,2.2,10.0,10.0,2.4,10.0,10.0,2.2,0.0,0.0,0.19999999999999987,0.0,0.0,0.0,0.0,0.0,0.19999999999999987,0.19999999999999987,0.0,0.19999999999999987,0.19999999999999987
3,2.2,16.6,0.0,0.0,16.8,0.0,0.0,-0.20000000000000048,0.0,0.0,0.0,0.0,0.0,-0.20000000000000048,0.0,0.0,0.20000000000000048,0.0,0.20000000000000048,0.20000000000000048
0,2.4,2.6,0.0,0.0,2.4,0.0,0.0,0.20000000000000004,0.0,0.0,0.0,0.0,0.0,0.20000000000000004,0.0,0.0,0.20000000000000004,0.0,0.20000000000000004,0.20000000000000004
1,2.4,2.6,19.0,0.0,2.4,19.0,0.0,0.20000000000000004,0.0,0.0,0.0,0.0,0.0,0.20000000000000004,0.0,0.0,0.20000000000000004,0.0,0.20000000000000004,0.20000000000000004
2,2.4,10.0,10.0,2.6,10.0,10.0,2.4,0.0,0.0,0.20000000000000004,0.0,0.0,0.0,0.0,0.0,0.20000000000000004,0.20000000000000004,0.0,0.20000000000000004,0.20000000000000004
3,2.4,16.400000000000002,0.0,0.0,16.6,0.0,0.0,-0.20000000000000048,0.0,0.0,0.0,0.0,0.0,-0.20000000000000048,0.0,0.0,0.20000000000000048,0.0,0.20000000000000048,0.20000000000000048
0,2.6,2.8000000000000003,0.0,0.0,2.6,0.0,0.0,0.20000000000000004,0.0,0.0,0.0,0.0,0.0,0.20000000000000004,0.0,0.0,0.20000000000000004,0.0,0.20000000000000004,0.20000000000000004
1,2.6,2.8000000000000003,19.0,0.0,2.6,19.0,0.0,0.20000000000000004,0.0,0.0,0.0,0.0,0.0,0.20000000000000004,0.0,0.0,0.20000000000000004,0.0,0.20000000000000004,0.20000000000000004
2,2.6,10.0,10.0,2.8000000000000003,10.0,10.0,2.6,0.0,0.0,0.20000000000000004,0.0,0.0,0.0,0.0,0.0,0.20000000000000004,0.20000000000000004,0.0,0.20000000000000004,0.20000000000000004
3,2.6,16.2,0.0,0.0,16.4,0.0,0.0,-0.1999999999999993,0.0,0.0,0.0,0.0,0.0,-0.1999999999999993,0.0,0.0,0.1999999999999993,0.0,0.1999999999999993,0.1999999999999993
0,2.8,3.0,0.0,0.0,2.8,0.0,0.0,0.20000000000000004,0.0,0.0,0.0,0.0,0.0,0.20000000000000004,0.0,0.0,0.20000000000000004,0.0,0.20000000000000004,0.20000000000000004
1,2.8,3.0,19.0,0.0,2.8,19.0,0.0,0.20000000000000004,0.0,0.0,0.0,0.0,0.0,0.20000000000000004,0.0,0.0,0.20000000000000004,0.0,0.20000000000000004,0.20000000000000004
2,2.8,10.0,10.0,3.0,10.0,10.0,2.8,0.0,0.0,0.20000000000000004,0.0,0.0,0.0,0.0,0.0,0.20000000000000004,0.20000000000000004,0.0,0.20000000000000004,0.20000000000000004
3,2.8,16.0,0.0,0.0,16.2,0.0,0.0,-0.19999999999999987,0.0,0.0,0.0,0.0,0.0,-0.19999999999999987,0.0,0.0,0.19999999999999987,0.0,0.19999999999999987,0.19999999999999987
0,3.0,3.2,0.0,0.0,3.0,0.0,0.0,0.20000000000000004,0.0,0.0,0.0,0.0,0.0,0.20000000000000004,0.0,0.0,0.20000000000000004,0.0,0.20000000000000004,0.20000000000000004
1,3.0,3.2,19.0,0.0,3.0,19.0,0.0,0.20000000000000004,0.0,0.0,0.0,0.0,0.0,0.20000000000000004,0.0,0.0,0.20000000000000004,0.0,0.20000000000000004,0.20000000000000004
2,3.0,10.0,10.0,3.2,10.0,10.0,3.0,0.0,0.0,0.20000000000000004,0.0,0.0,0.0,0.0,0.0,0.20000000000000004,0.20000000000000004,0.0,0.20000000000000004,0.20000000000000004
3,3.0,15.8,0.0,0.0,16.0,0.0,0.0,-0.19999999999999987,0.0,0.0,0.0,0.0,0.0,-0.19999999999999987,0.0,0.0,0.19999999999999987,0.0,0.19999999999999987,0.19999999999999987
0,3.2,3.4,0.0,0.0,3.2,0.0,0.0,0.19999999999999987,0.0,0.0,0.0,0.0,0.0,0.19999999999999987,0.0,0.0,0.19999999999999987,0.0,0.19999999999999987,0.19999999999999987
1,3.2,3.4,19.0,0.0,3.2,19.0,0.0,0.19999999999999987,0.0,0.0,0.0,0.0,0.0,0.19999999999999987,0.0,0.0,0.19999999999999987,0.0,0.19999999999999987,0.19999999999999987
2,3.2,10.0,10.0,3.4,10.0,10.0,3.2,0.0,0.0,0.19999999999999987,0.0,0.0,0.0,0.0,0.0,0.19999999999999987,0.19999999999999987,0.0,0.19999999999999987,0.19999999999999987
3,3.2,15.6,0.0,0.0,15.8,0.0,0.0,-0.20000000000000048,0.0,0.0,0.0,0.0,0.0,-0.20000000000000048,0.0,0.0,0.20000000000000048,0.0,0.20000000000000048,0.20000000000000048
0,3.4,3.6,0.0,0.0,3.4,0.0,0.0,0.20000000000000004,0.0,0.0,0.0,0.0,0.0,0.20000000000000004,0.0,0.0,0.20000000000000004,0.0,0.20000000000000004,0.20000000000000004
1,3.4,3.6,19.0,0.0,3.4,19.0,0.0,0.20000000000000004,0.0,0.0,0.0,0.0,0.0,0.20000000000000004,0.0,0.0,0.20000000000000004,0.0,0.20000000000000004,0.20000000000000004
2,3.4,10.0,10.0,3.6,10.0,10.0,3.4,0.0,0.0,0.20000000000000004,0.0,0.0,0.0,0.0,0.0,0.20000000000000004,0.20000000000000004,0.0,0.20000000000000004,0.20000000000000004
3,3.4,15.4,0.0,0.0,15.6,0.0,0.0,-0.19999999999999987,0.0,0.0,0.0,0.0,0.0,-0.19999999999999987,0.0,0.0,0.19999999999999987,0.0,0.19999999999999987,0.19999999999999987
0,3.6,3.8000000000000003,0.0,0.0,3.6,0.0,0.0,0.20000000000000004,0.0,0.0,0.0,0.0,0.0,0.20000000000000004,0.0,0.0,0.20000000000000004,0.0,0.20000000000000004,0.20000000000000004
1,3.6,3.8000000000000003,19.0,0.0,3.6,19.0,0.0,0.20000000000000004,0.0,0.0,0.0,0.0,0.0,0.20000000000000004,0.0,0.0,0.20000000000000004,0.0,0.20000000000000004,0.20000000000000004
2,3.6,10.0,10.0,3.8000000000000003,10.0,10.0,3.6,0.0,0.0,0.20000000000000004,0.0,0.0,0.0,0.0,0.0,0.20000000000000004,0.20000000000000004,0.0,0.20000000000000004,0.20000000000000004
3,3.6,15.200000000000001,0.0,0.0,15.4,0.0,0.0,-0.19999999999999987,0.0,0.0,0.0,0.0,0.0,-0.19999999999999987,0.0,0.0,0.19999999999999987,0.0,0.19999999999999987,0.19999999999999987
0,3.8,4.0,0.0,0.0,3.8,0.0,0.0,0.20000000000000018,0.0,0.0,0.0,0.0,0.0,0.20000000000000018,0.0,0.0,0.20000000000000018,0.0,0.20000000000000018,0.20000000000000018
1,3.8,4.0,19.0,0.0,3.8,19.0,0.0,0.20000000000000018,0.0,0.0,0.0,0.0,0.0,0.20000000000000018,0.0,0.0,0.20000000000000018,0.0,0.20000000000000018,0.20000000000000018
2,3.8,10.0,10.0,4.0,10.0,10.0,3.8,0.0,0.0,0.20000000000000018,0.0,0.0,0.0,0.0,0.0,0.20000000000000018,0.20000000000000018,0.0,0.20000000000000018,0.20000000000000018
3,3.8,15.0,0.0,0.0,15.2,0.0,0.0,-0.19999999999999987,0.0,0.0,0.0,0.0,0.0,-0.19999999999999987,0.0,0.0,0.19999999999999987,0.0,0.19999999999999987,0.19999999999999987
0,4.0,4.2,0.0,0.0,4.0,0.0,0.0,0.19999999999999987,0.0,0.0,0.0,0.0,0.0,0.19999999999999987,0.0,0.0,0.19999999999999987,0.0,0.19999999999999987,0.19999999999999987
1,4.0,4.2,19.0,0.0,4.0,19.0,0.0,0.19999999999999987,0.0,0.0,0.0,0.0,0.0,0.19999999999999987,0.0,0.0,0.19999999999999987,0.0,0.19999999999999987,0.19999999999999987
2,4.0,10.0,10.0,4.2,10.0,10.0,4.0,0.0,0.0,0.19999999999999987,0.0,0.0,0.0,0.0,0.0,0.19999999999999987,0.19999999999999987,0.0,0.19999999999999987,0.19999999999999987
3,4.0,14.8,0.0,0.0,15.0,0.0,0.0,-0.19999999999999987,0.0,0.0,0.0,0.0,0.0,-0.19999999999999987,0.0,0.0,0.19999999999999987,0.0,0.19999999999999987,0.19999999999999987
0,4.2,4.4,0.0,0.0,4.2,0.0,0.0,0.19999999999999987,0.0,0.0,0.0,0.0,0.0,0.19999999999999987,0.0,0.0,0.19999999999999987,0.0,0.19999999999999987,0.19999999999999987
1,4.2,4.4,19.0,0.0,4.2,19.0,0.0,0.19999999999999987,0.0,0.0,0.0,0.0,0.0,0.19999999999999987,0.0,0.0,0.19999999999999987,0.0,0.19999999999999987,0.19999999999999987
2,4.2,10.0,10.0,4.4,10.0,10.0,4.2,0.0,0.0,0.19999999999999987,0.0,0.0,0.0,0.0,0.0,0.19999999999999987,0.19999999999999987,0.0,0.19999999999999987,0.19999999999999987
3,4.2,14.6,0.0,0.0,14.8,0.0,0.0,-0.20000000000000048,0.0,0.0,0.0,0.0,0.0,-0.20000000000000048,0.0,0.0,0.20000000000000048,0.0,0.20000000000000048,0.20000000000000048
0,4.4,4.6000000000000005,0.0,0.0,4.4,0.0,0.0,0.19999999999999987,0.0,0.0,0.0,0.0,0.0,0.19999999999999987,0.0,0.0,0.19999999999999987,0.0,0.19999999999999987,0.19999999999999987
1,4.4,4.6000000000000005,19.0,0.0,4.4,19.0,0.0,0.19999999999999987,0.0,0.0,0.0,0.0,0.0,0.19999999999999987,0.0,0.0,0.19999999999999987,0.0,0.19999999999999987,0.19999999999999987
2,4.4,10.0,10.0,4.6000000000000005,10.0,10.0,4.4,0.0,0.0,0.19999999999999987,0.0,0.0,0.0,0.0,0.0,0.19999999999999987,0.19999999999999987,0.0,0.19999999999999987,0.19999999999999987
3,4.4,14.4,0.0,0.0,14.6,0.0,0.0,-0.19999999999999987,0.0,0.0,0.0,0.0,0.0,-0.19999999999999987,0.0,0.0,0.19999999999999987,0.0,0.19999999999999987,0.19999999999999987
0,4.6,4.8,0.0,0.0,4.6,0.0,0.0,0.20000000000000018,0.0,0.0,0.0,0.0,0.0,0.20000000000000018,0.0,0.0,0.20000000000000018,0.0,0.20000000000000018,0.20000000000000018
1,4.6,4.8,19.0,0.0,4.6,19.0,0.0,0.20000000000000018,0.0,0.0,0.0,0.0,0.0,0.20000000000000018,0.0,0.0,0.20000000000000018,0.0,0.20000000000000018,0.20000000000000018
2,4.6,10.0,10.0,4.8,10.0,10.0,4.6,0.0,0.0,0.20000000000000018,0.0,0.0,0.0,0.0,0.0,0.20000000000000018,0.20000000000000018,0.0,0.20000000000000018,0.20000000000000018
3,4.6,14.200000000000001,0.0,0.0,14.4,0.0,0.0,-0.19999999999999987,0.0,0.0,0.0,0.0,0.0,-0.19999999999999987,0.0,0.0,0.19999999999999987,0.0,0.19999999999999987,0.19999999999999987
0,4.8,5.0,0.0,0.0,4.8,0.0,0.0,0.20000000000000018,0.0,0.0,0.0,0.0,0.0,0.20000000000000018,0.0,0.0,0.20000000000000018,0.0,0.20000000000000018,0.20000000000000018
1,4.8,5.0,19.0,0.0,4.8,19.0,0.0,0.20000000000000018,0.0,0.0,0.0,0.0,0.0,0.20000000000000018,0.0,0.0,0.20000000000000018,0.0,0.20000000000000018,0.20000000000000018
2,4.8,10.0,10.0,5.0,10.0,10.0,4.8,0.0,0.0,0.20000000000000018,0.0,0.0,0.0,0.0,0.0,0.20000000000000018,0.20000000000000018,0.0,0.20000000000000018,0.20000000000000018
3,4.8,14.0,0.0,0.0,14.2,0.0,0.0,-0.19999999999999987,0.0,0.0,0.0,0.0,0.0,-0.19999999999999987,0.0,0.0,0.19999999999999987,0.0,0.19999999999999987,0.19999999999999987
0,5.0,5.2,0.0,0.0,5.0,0.0,0.0,0.19999999999999987,0.0,0.0,0.0,0.0,0.0,0.19999999999999987,0.0,0.0,0.19999999999999987,0.0,0.19999999999999987,0.19999999999999987
1,5.0,5.2,19.0,0.0,5.0,19.0,0.0,0.19999999999999987,0.0,0.0,0.0,0.0,0.0,0.19999999999999987,0.0,0.0,0.19999999999999987,0.0,0.19999999999999987,0.19999999999999987
2,5.0,10.0,10.0,5.2,10.0,10.0,5.0,0.0,0.0,0.19999999999999987,0.0,0.0,0.0,0.0,0.0,0.19999999999999987,0.19999999999999987,0.0,0.19999999999999987,0.19999999999999987
3,5.0,13.8,0.0,0.0,14.0,0.0,0.0,-0.19999999999999987,0.0,0.0,0.0,0.0,0.0,-0.19999999999999987,0.0,0.0,0.19999999999999987,0.0,0.19999999999999987,0.19999999999999987
0,5.2,5.4,0.0,0.0,5.2,0.0,0.0,0.19999999999999987,0.0,0.0,0.0,0.0,0.0,0.19999999999999987,0.0,0.0,0.19999999999999987,0.0,0.19999999999999987,0.19999999999999987
1,5.2,5.4,19.0,0.0,5.2,19.0,0.0,0.19999999999999987,0.0,0.0,0.0,0.0,0.0,0.19999999999999987,0.0,0.0,0.19999999999999987,0.0,0.19999999999999987,0.19999999999999987
2,5.2,10.0,10.0,5.4,10.0,10.0,5.2,0.0,0.0,0.19999999999999987,0.0,0.0,0.0,0.0,0.0,0.19999999999999987,0.19999999999999987,0.0,0.19999999999999987,0.19999999999999987
3,5.2,13.6,0.0,0.0,13.8,0.0,0.0,-0.20000000000000048,0.0,0.0,0.0,0.0,0.0,-0.20000000000000048,0.0,0.0,0.20000000000000048,0.0,0.20000000000000048,0.20000000000000048
0,5.4,5.6000000000000005,0.0,0.0,5.4,0.0,0.0,0.19999999999999987,0.0,0.0,0.0,0.0,0.0,0.19999999999999987,0.0,0.0,0.19999999999999987,0.0,0.19999999999999987,0.19999999999999987
1,5.4,5.6000000000000005,19.0,0.0,5.4,19.0,0.0,0.19999999999999987,0.0,0.0,0.0,0.0,0.0,0.19999999999999987,0.0,0.0,0.19999999999999987,0.0,0.19999999999999987,0.19999999999999987
2,5.4,10.0,10.0,5.6000000000000005,10.0,10.0,5.4,0.0,0.0,0.19999999999999987,0.0,0.0,0.0,0.0,0.0,0.19999999999999987,0.19999999999999987,0.0,0.19999999999999987,0.19999999999999987
3,5.4,13.4,0.0,0.0,13.6,0.0,0.0,-0.19999999999999987,0.0,0.0,0.0,0.0,0.0,-0.19999999999999987,0.0,0.0,0.19999999999999987,0.0,0.19999999999999987,0.19999999999999987
0,5.6,5.8,0.0,0.0,5.6,0.0,0.0,0.20000000000000018,0.0,0.0,0.0,0.0,0.0,0.20000000000000018,0.0,0.0,0.20000000000000018,0.0,0.20000000000000018,0.20000000000000018
1,5.6,5.8,19.0,0.0,5.6,19.0,0.0,0.20000000000000018,0.0,0.0,0.0,0.0,0.0,0.20000000000000018,0.0,0.0,0.20000000000000018,0.0,0.20000000000000018,0.20000000000000018
2,5.6,10.0,10.0,5.8,10.0,10.0,5.6,0.0,0.0,0.20000000000000018,0.0,0.0,0.0,0.0,0.0,0.20000000000000018,0.20000000000000018,0.0,0.20000000000000018,0.20000000000000018
3,5.6,13.200000000000001,0.0,0.0,13.4,0.0,0.0,-0.19999999999999987,0.0,0.0,0.0,0.0,0.0,-0.19999999999999987,0.0,0.0,0.19999999999999987,0.0,0.19999999999999987,0.19999999999999987
0,5.8,6.0,0.0,0.0,5.8,0.0,0.0,0.20000000000000018,0.0,0.0,0.0,0.0,0.0,0.20000000000000018,0.0,0.0,0.20000000000000018,0.0,0.20000000000000018,0.20000000000000018
1,5.8,6.0,19.0,0.0,5.8,19.0,0.0,0.20000000000000018,0.0,0.0,0.0,0.0,0.0,0.20000000000000018,0.0,0.0,0.20000000000000018,0.0,0.20000000000000018,0.20000000000000018
2,5.8,10.0,10.0,6.0,10.0,10.0,5.8,0.0,0.0,0.20000000000000018,0.0,0.0,0.0,0.0,0.0,0.20000000000000018,0.20000000000000018,0.0,0.20000000000000018,0.20000000000000018
3,5.8,13.0,0.0,0.0,13.2,0.0,0.0,-0.19999999999999987,0.0,0.0,0.0,0.0,0.0,-0.19999999999999987,0.0,0.0,0.19999999999999987,0.0,0.19999999999999987,0.19999999999999987
0,6.0,6.2,0.0,0.0,6.0,0.0,0.0,0.19999999999999987,0.0,0.0,0.0,0.0,0.0,0.19999999999999987,0.0,0.0,0.19999999999999987,0.0,0.19999999999999987,0.19999999999999987
1,6.0,6.2,19.0,0.0,6.0,19.0,0.0,0.19999999999999987,0.0,0.0,0.0,0.0,0.0,0.19999999999999987,0.0,0.0,0.19999999999999987,0.0,0.19999999999999987,0.19999999999999987
2,6.0,10.0,10.0,6.2,10.0,10.0,6.0,0.0,0.0,0.19999999999999987,0.0,0.0,0.0,0.0,0.0,0.19999999999999987,0.19999999999999987,0.0,0.19999999999999987,0.19999999999999987
3,6.0,12.8,0.0,0.0,13.0,0.0,0.0,-0.19999999999999987,0.0,0.0,0.0,0.0,0.0,-0.19999999999999987,0.0,0.0,0.19999999999999987,0.0,0.19999999999999987,0.19999999999999987
0,6.2,6.4,0.0,0.0,6.2,0.0,0.0,0.19999999999999987,0.0,0.0,0.0,0.0,0.0,0.19999999999999987,0.0,0.0,0.19999999999999987,0.0,0.19999999999999987,0.19999999999999987
1,6.2,6.4,19.0,0.0,6.2,19.0,0.0,0.19999999999999987,0.0,0.0,0.0,0.0,0.0,0.19999999999999987,0.0,0.0,0.19999999999999987,0.0,0.19999999999999987,0.19999999999999987
2,6.2,10.0,10.0,6.4,10.0,10.0,6.2,0.0,0.0,0.19999999999999987,0.0,0.0,0.0,0.0,0.0,0.19999999999999987,0.19999999999999987,0.0,0.19999999999999987,0.19999999999999987
3,6.2,12.6,0.0,0.0,12.8,0.0,0.0,-0.20000000000000048,0.0,0.0,0.0,0.0,0.0,-0.20000000000000048,0.0,0.0,0.20000000000000048,0.0,0.20000000000000048,0.20000000000000048
0,6.4,6.6000000000000005,0.0,0.0,6.4,0.0,0.0,0.19999999999999987,0.0,0.0,0.0,0.0,0.0,0.19999999999999987,0.0,0.0,0.19999999999999987,0.0,0.19999999999999987,0.19999999999999987
1,6.4,6.6000000000000005,19.0,0.0,6.4,19.0,0.0,0.19999999999999987,0.0,0.0,0.0,0.0,0.0,0.19999999999999987,0.0,0.0,0.19999999999999987,0.0,0.19999999999999987,0.19999999999999987
2,6.4,10.0,10.0,6.6000000000000005,10.0,10.0,6.4,0.0,0.0,0.19999999999999987,0.0,0.0,0.0,0.0,0.0,0.19999999999999987,0.19999999999999987,0.0,0.19999999999999987,0.19999999999999987
3,6.4,12.4,0.0,0.0,12.6,0.0,0.0,-0.19999999999999987,0.0,0.0,0.0,0.0,0.0,-0.19999999999999987,0.0,0.0,0.19999999999999987,0.0,0.19999999999999987,0.19999999999999987
0,6.6,6.8,0.0,0.0,6.6,0.0,0.0,0.20000000000000018,0.0,0.0,0.0,0.0,0.0,0.20000000000000018,0.0,0.0,0.20000000000000018,0.0,0.20000000000000018,0.20000000000000018
1,6.6,6.8,19.0,0.0,6.6,19.0,0.0,0.20000000000000018,0.0,0.0,0.0,0.0,0.0,0.20000000000000018,0.0,0.0,0.20000000000000018,0.0,0.20000000000000018,0.20000000000000018
2,6.6,10.0,10.0,6.8,10.0,10.0,6.6,0.0,0.0,0.20000000000000018,0.0,0.0,0.0,0.0,0.0,0.20000000000000018,0.20000000000000018,0.0,0.20000000000000018,0.20000000000000018
3,6.6,12.200000000000001,0.0,0.0,12.4,0.0,0.0,-0.19999999999999987,0.0,0.0,0.0,0.0,0.0,-0.19999999999999987,0.0,0.0,0.19999999999999987,0.0,0.19999999999999987,0.19999999999999987
0,6.8,7.0,0.0,0.0,6.8,0.0,0.0,0.20000000000000018,0.0,0.0,0.0,0.0,0.0,0.20000000000000018,0.0,0.0,0.20000000000000018,0.0,0.20000000000000018,0.20000000000000018
1,6.8,7.0,19.0,0.0,6.8,19.0,0.0,0.20000000000000018,0.0,0.0,0.0,0.0,0.0,0.20000000000000018,0.0,0.0,0.20000000000000018,0.0,0.20000000000000018,0.20000000000000018
2,6.8,10.0,10.0,7.0,10.0,10.0,6.8,0.0,0.0,0.20000000000000018,0.0,0.0,0.0,0.0,0.0,0.20000000000000018,0.20000000000000018,0.0,0.20000000000000018,0.20000000000000018
3,6.8,12.0,0.0,0.0,12.2,0.0,0.0,-0.19999999999999987,0.0,0.0,0.0,0.0,0.0,-0.19999999999999987,0.0,0.0,0.19999999999999987,0.0,0.19999999999999987,0.19999999999999987
0,7.0,7.2,0.0,0.0,7.0,0.0,0.0,0.19999999999999987,0.0,0.0,0.0,0.0,0.0,0.19999999999999987,0.0,0.0,0.19999999999999987,0.0,0.19999999999999987,0.19999999999999987
1,7.0,7.2,19.0,0.0,7.0,19.0,0.0,0.19999999999999987,0.0,0.0,0.0,0.0,0.0,0.19999999999999987,0.0,0.0,0.19999999999999987,0.0,0.19999999999999987,0.19999999999999987
2,7.0,10.0,10.0,7.2,10.0,10.0,7.0,0.0,0.0,0.19999999999999987,0.0,0.0,0.0,0.0,0.0,0.19999999999999987,0.19999999999999987,0.0,0.19999999999999987,0.19999999999999987
3,7.0,11.8,0.0,0.0,12.0,0.0,0.0,-0.19999999999999987,0.0,0.0,0.0,0.0,0.0,-0.19999999999999987,0.0,0.0,0.19999999999999987,0.0,0.19999999999999987,0.19999999999999987
0,7.2,7.4,0.0,0.0,7.2,0.0,0.0,0.19999999999999987,0.0,0.0,0.0,0.0,0.0,0.19999999999999987,0.0,0.0,0.19999999999999987,0.0,0.19999999999999987,0.19999999999999987
1,7.2,7.4,19.0,0.0,7.2,19.0,0.0,0.19999999999999987,0.0,0.0,0.0,0.0,0.0,0.19999999999999987,0.0,0.0,0.19999999999999987,0.0,0.19999999999999987,0.19999999999999987
2,7.2,10.0,10.0,7.4,10.0,10.0,7.2,0.0,0.0,0.19999999999999987,0.0,0.0,0.0,0.0,0.0,0.19999999999999987,0.19999999999999987,0.0,0.19999999999999987,0.19999999999999987
3,7.2,11.6,0.0,0.0,11.8,0.0,0.0,-0.20000000000000048,0.0,0.0,0.0,0.0,0.0,-0.20000000000000048,0.0,0.0,0.20000000000000048,0.0,0.20000000000000048,0.20000000000000048
0,7.4,7.6000000000000005,0.0,0.0,7.4,0.0,0.0,0.19999999999999987,0.0,0.0,0.0,0.0,0.0,0.19999999999999987,0.0,0.0,0.19999999999999987,0.0,0.19999999999999987,0.19999999999999987
1,7.4,7.6000000000000005,19.0,0.0,7.4,19.0,0.0,0.19999999999999987,0.0,0.0,0.0,0.0,0.0,0.19999999999999987,0.0,0.0,0.19999999999999987,0.0,0.19999999999999987,0.19999999999999987
2,7.4,10.0,10.0,7.6000000000000005,10.0,10.0,7.4,0.0,0.0,0.19999999999999987,0.0,0.0,0.0,0.0,0.0,0.19999999999999987,0.19999999999999987,0.0,0.19999999999999987,0.19999999999999987
3,7.4,11.4,0.0,0.0,11.6,0.0,0.0,-0.19999999999999987,0.0,0.0,0.0,0.0,0.0,-0.19999999999999987,0.0,0.0,0.19999999999999987,0.0,0.19999999999999987,0.19999999999999987
0,7.6,7.8,0.0,0.0,7.6,0.0,0.0,0.19999999999999987,0.0,0.0,0.0,0.0,0.0,0.19999999999999987,0.0,0.0,0.19999999999999987,0.0,0.19999999999999987,0.19999999999999987
1,7.6,7.8,19.0,0.0,7.6,19.0,0.0,0.19999999999999987,0.0,0.0,0.0,0.0,0.0,0.19999999999999987,0.0,0.0,0.19999999999999987,0.0,0.19999999999999987,0.19999999999999987
2,7.6,10.0,10.0,7.8,10.0,10.0,7.6,0.0,0.0,0.19999999999999987,0.0,0.0,0.0,0.0,0.0,0.19999999999999987,0.19999999999999987,0.0,0.19999999999999987,0.19999999999999987
3,7.6,11.200000000000001,0.0,0.0,11.4,0.0,0.0,-0.19999999999999987,0.0,0.0,0.0,0.0,0.0,-0.19999999999999987,0.0,0.0,0.19999999999999987,0.0,0.19999999999999987,0.19999999999999987
0,7.8,8.0,0.0,0.0,7.8,0.0,0.0,0.20000000000000018,0.0,0.0,0.0,0.0,0.0,0.20000000000000018,0.0,0.0,0.20000000000000018,0.0,0.20000000000000018,0.20000000000000018
1,7.8,8.0,19.0,0.0,7.8,19.0,0.0,0.20000000000000018,0.0,0.0,0.0,0.0,0.0,0.20000000000000018,0.0,0.0,0.20000000000000018,0.0,0.20000000000000018,0.20000000000000018
2,7.8,10.0,10.0,8.0,10.0,10.0,7.8,0.0,0.0,0.20000000000000018,0.0,0.0,0.0,0.0,0.0,0.20000000000000018,0.20000000000000018,0.0,0.20000000000000018,0.20000000000000018
3,7.8,11.0,0.0,0.0,11.2,0.0,0.0,-0.19999999999999987,0.0,0.0,0.0,0.0,0.0,-0.19999999999999987,0.0,0.0,0.19999999999999987,0.0,0.19999999999999987,0.19999999999999987
0,8.0,8.2,0.0,0.0,8.0,0.0,0.0,0.19999999999999987,0.0,0.0,0.0,0.0,0.0,0.19999999999999987,0.0,0.0,0.19999999999999987,0.0,0.19999999999999987,0.19999999999999987
1,8.0,8.2,19.0,0.0,8.0,19.0,0.0,0.19999999999999987,0.0,0.0,0.0,0.0,0.0,0.19999999999999987,0.0,0.0,0.19999999999999987,0.0,0.19999999999999987,0.19999999999999987
2,8.0,10.0,10.0,8.2,10.0,10.0,8.0,0.0,0.0,0.19999999999999987,0.0,0.0,0.0,0.0,0.0,0.19999999999999987,0.19999999999999987,0.0,0.19999999999999987,0.19999999999999987
3,8.0,10.8,0.0,0.0,11.0,0.0,0.0,-0.19999999999999987,0.0,0.0,0.0,0.0,0.0,-0.19999999999999987,0.0,0.0,0.19999999999999987,0.0,0.19999999999999987,0.19999999999999987
0,8.2,8.4,0.0,0.0,8.2,0.0,0.0,0.20000000000000048,0.0,0.0,0.0,0.0,0.0,0.20000000000000048,0.0,0.0,0.20000000000000048,0.0,0.20000000000000048,0.20000000000000048
1,8.2,8.4,19.0,0.0,8.2,19.0,0.0,0.20000000000000048,0.0,0.0,0.0,0.0,0.0,0.20000000000000048,0.0,0.0,0.20000000000000048,0.0,0.20000000000000048,0.20000000000000048
2,8.2,10.0,10.0,8.4,10.0,10.0,8.2,0.0,0.0,0.20000000000000048,0.0,0.0,0.0,0.0,0.0,0.20000000000000048,0.20000000000000048,0.0,0.20000000000000048,0.20000000000000048
3,8.2,10.6,0.0,0.0,10.8,0.0,0.0,-0.20000000000000048,0.0,0.0,0.0,0.0,0.0,-0.20000000000000048,0.0,0.0,0.20000000000000048,0.0,0.20000000000000048,0.20000000000000048
0,8.4,8.6,0.0,0.0,8.4,0.0,0.0,0.19999999999999987,0.0,0.0,0.0,0.0,0.0,0.19999999999999987,0.0,0.0,0.19999999999999987,0.0,0.19999999999999987,0.19999999999999987
1,8.4,8.6,19.0,0.0,8.4,19.0,0.0,0.19999999999999987,0.0,0.0,0.0,0.0,0.0,0.19999999999999987,0.0,0.0,0.19999999999999987,0.0,0.19999999999999987,0.19999999999999987
2,8.4,10.0,10.0,8.6,10.0,10.0,8.4,0.0,0.0,0.19999999999999987,0.0,0.0,0.0,0.0,0.0,0.19999999999999987,0.19999999999999987,0.0,0.19999999999999987,0.19999999999999987
3,8.4,10.4,0.0,0.0,10.6,0.0,0.0,-0.19999999999999987,0.0,0.0,0.0,0.0,0.0,-0.19999999999999987,0.0,0.0,0.19999999999999987,0.0,0.19999999999999987,0.19999999999999987
0,8.6,8.733333333333333,0.06666666666666668,0.0,8.6,0.0,0.0,0.13333333333333347,0.06666666666666668,0.0,0.0,0.0,0.0,0.13333333333333347,0.06666666666666668,0.0,0.14907119849998612,0.0,0.14907119849998612,0.14907119849998612
1,8.6,8.799999999999999,19.0,0.0,8.6,19.0,0.0,0.19999999999999987,0.0,0.0,0.0,0.0,0.0,0.19999999999999987,0.0,0.0,0.19999999999999987,0.0,0.19999999999999987,0.19999999999999987
2,8.6,10.0,10.0,8.799999999999999,10.0,10.0,8.6,0.0,0.0,0.19999999999999987,0.0,0.0,0.0,0.0,0.0,0.19999999999999987,0.19999999999999987,0.0,0.19999999999999987,0.19999999999999987
3,8.6,10.200000000000001,0.0,0.0,10.4,0.0,0.0,-0.19999999999999987,0.0,0.0,0.0,0.0,0.0,-0.19999999999999987,0.0,0.0,0.19999999999999987,0.0,0.19999999999999987,0.19999999999999987
0,8.8,8.866666666666667,0.13333333333333333,0.0,8.8,0.0,0.0,0.06666666666666643,0.13333333333333333,0.0,0.0,0.0,0.0,0.06666666666666643,0.13333333333333333,0.0,0.14907119849998587,0.0,0.14907119849998587,0.14907119849998587
1,8.8,9.0,19.0,0.0,8.8,19.0,0.0,0.19999999999999987,0.0,0.0,0.0,0.0,0.0,0.19999999999999987,0.0,0.0,0.19999999999999987,0.0,0.19999999999999987,0.19999999999999987
2,8.8,10.0,10.0,9.0,10.0,10.0,8.8,0.0,0.0,0.19999999999999987,0.0,0.0,0.0,0.0,0.0,0.19999999999999987,0.19999999999999987,0.0,0.19999999999999987,0.19999999999999987
3,8.8,10.0,0.0,0.0,10.2,0.0,0.0,-0.19999999999999987,0.0,0.0,0.0,0.0,0.0,-0.19999999999999987,0.0,0.0,0.19999999999999987,0.0,0.19999999999999987,0.19999999999999987
0,9.0,8.818181818181818,0.19999999999999998,0.0,9.0,0.0,0.0,0.0,0.19999999999999998,0.0,-0.18181818181818196,0.0,0.0,-0.18181818181818196,0.19999999999999998,0.0,0.19999999999999998,0.18181818181818196,0.2702921590421547,0.2702921590421547
1,9.0,9.2,19.0,0.0,9.0,19.0,0.0,0.19999999999999987,0.0,0.0,0.0,0.0,0.0,0.19999999999999987,0.0,0.0,0.19999999999999987,0.0,0.19999999999999987,0.19999999999999987
2,9.0,10.0,10.0,9.2,10.0,10.0,9.0,0.0,0.0,0.19999999999999987,0.0,0.0,0.0,0.0,0.0,0.19999999999999987,0.19999999999999987,0.0,0.19999999999999987,0.19999999999999987
3,9.0,9.981818181818182,0.0,0.0,10.0,0.0,0.0,-0.19999999999999987,0.0,0.0,0.18181818181818196,0.0,0.0,-0.01818181818181791,0.0,0.0,0.19999999999999987,0.18181818181818196,0.01818181818181791,0.01818181818181791
0,9.2,8.514260454254792,0.521434886436302,0.0,9.0,0.2,0.0,0.0,0.20000000000000004,0.0,-0.48573954574520817,0.12143488643630193,0.0,-0.48573954574520817,0.32143488643630197,0.0,0.20000000000000004,0.5006888634117587,0.5824631254586675,0.5824631254586675
1,9.2,9.4,19.0,0.0,9.2,19.0,0.0,0.20000000000000048,0.0,0.0,0.0,0.0,0.0,0.20000000000000048,0.0,0.0,0.20000000000000048,0.0,0.20000000000000048,0.20000000000000048
2,9.2,10.0,10.0,9.4,10.0,10.0,9.2,0.0,0.0,0.20000000000000048,0.0,0.0,0.0,0.0,0.0,0.20000000000000048,0.20000000000000048,0.0,0.20000000000000048,0.20000000000000048
3,9.2,10.08573954574521,-0.12143488643630193,0.0,9.8,0.0,0.0,-0.20000000000000048,0.0,0.0,0.48573954574520817,-0.12143488643630193,0.0,0.28573954574520766,-0.12143488643630193,0.0,0.20000000000000048,0.5006888634117587,0.3104730578431487,0.3104730578431487
0,9.4,8.426808502233403,0.9821276651777314,0.0,9.0,0.4,0.0,0.0,0.19999999999999998,0.0,-0.5731914977665968,0.38212766517773145,0.0,-0.5731914977665968,0.5821276651777314,0.0,0.19999999999999998,0.6888904452858227,0.8169584516223524,0.8169584516223524
1,9.4,9.6,19.0,0.0,9.4,19.0,0.0,0.19999999999999987,0.0,0.0,0.0,0.0,0.0,0.19999999999999987,0.0,0.0,0.19999999999999987,0.0,0.19999999999999987,0.19999999999999987
2,9.4,10.0,10.0,9.6,10.0,10.0,9.4,0.0,0.0,0.19999999999999987,0.0,0.0,0.0,0.0,0.0,0.19999999999999987,0.19999999999999987,0.0,0.19999999999999987,0.19999999999999987
3,9.4,9.973191497766596,-0.38212766517773145,0.0,9.6,0.0,0.0,-0.19999999999999987,0.0,0.0,0.5731914977665968,-0.38212766517773145,0.0,0.373191497766597,-0.38212766517773145,0.0,0.19999999999999987,0.6888904452858227,0.5341286797200282,0.5341286797200282
0,9.6,8.684539001488936,1.3065248310999293,0.0,9.0,0.6,0.0,0.06666666666666643,0.13333333333333333,0.0,-0.3821276651777311,0.5731914977665962,0.0,-0.3154609985110647,0.7065248310999295,0.0,0.14907119849998587,0.6888904452858219,0.7737525305563671,0.7737525305563671
1,9.6,9.799999999999999,19.0,0.0,9.6,19.0,0.0,0.19999999999999987,0.0,0.0,0.0,0.0,0.0,0.19999999999999987,0.0,0.0,0.19999999999999987,0.0,0.19999999999999987,0.19999999999999987
2,9.6,10.0,10.0,9.799999999999999,10.0,10.0,9.6,0.0,0.0,0.19999999999999987,0.0,0.0,0.0,0.0,0.0,0.19999999999999987,0.19999999999999987,0.0,0.19999999999999987,0.19999999999999987
3,9.6,9.582127665177731,-0.5731914977665962,0.0,9.4,0.0,0.0,-0.19999999999999987,0.0,0.0,0.3821276651777311,-0.5731914977665962,0.0,0.18212766517773124,-0.5731914977665962,0.0,0.19999999999999987,0.6888904452858219,0.6014307770101274,0.6014307770101274
0,9.8,9.011898446897032,1.3524062124118763,0.0,9.0,0.8,0.0,0.13333333333333347,0.06666666666666665,0.0,-0.12143488643630197,0.48573954574520967,0.0,0.011898446897031498,0.5524062124118763,0.0,0.1490711984999861,0.5006888634117601,0.5525343397018836,0.5525343397018836
1,9.8,10.0,19.0,0.0,9.8,19.0,0.0,0.19999999999999987,0.0,0.0,0.0,0.0,0.0,0.19999999999999987,0.0,0.0,0.19999999999999987,0.0,0.19999999999999987,0.19999999999999987
2,9.8,10.0,10.0,10.0,10.0,10.0,9.8,0.0,0.0,0.19999999999999987,0.0,0.0,0.0,0.0,0.0,0.19999999999999987,0.19999999999999987,0.0,0.19999999999999987,0.19999999999999987
3,9.8,9.121434886436301,-0.48573954574520967,0.0,9.2,0.0,0.0,-0.19999999999999987,0.0,0.0,0.12143488643630197,-0.48573954574520967,0.0,-0.0785651135636979,-0.48573954574520967,0.0,0.19999999999999987,0.5006888634117601,0.49205221610113636,0.49205221610113636
0,10.0,9.2,1.1818181818181819,0.0,9.0,1.0,0.0,0.19999999999999987,0.0,0.0,0.0,0.18181818181818196,0.0,0.19999999999999987,0.18181818181818196,0.0,0.19999999999999987,0.18181818181818196,0.27029215904215464,0.27029215904215464
1,10.0,10.2,19.0,0.0,10.0,19.0,0.0,0.19999999999999987,0.0,0.0,0.0,0.0,0.0,0.19999999999999987,0.0,0.0,0.19999999999999987,0.0,0.19999999999999987,0.19999999999999987
2,10.0,10.0,10.0,10.2,10.0,10.0,10.0,0.0,0.0,0.19999999999999987,0.0,0.0,0.0,0.0,0.0,0.19999999999999987,0.19999999999999987,0.0,0.19999999999999987,0.19999999999999987
3,10.0,8.8,-0.18181818181818196,0.0,9.0,0.0,0.0,-0.19999999999999987,0.0,0.0,0.0,-0.18181818181818196,0.0,-0.19999999999999987,-0.18181818181818196,0.0,0.19999999999999987,0.18181818181818196,0.27029215904215464,0.27029215904215464
0,10.2,9.41550862543548,1.0387715635887014,0.0,9.2,1.0,0.0,0.20000000000000048,0.0,0.0,0.015508625435480528,0.038771563588701465,0.0,0.21550862543548102,0.038771563588701465,0.0,0.20000000000000048,0.041758251951090515,0.21896849494893822,0.21896849494893822
1,10.2,10.4,19.0,0.0,10.2,19.0,0.0,0.20000000000000048,0.0,0.0,0.0,0.0,0.0,0.20000000000000048,0.0,0.0,0.20000000000000048,0.0,0.20000000000000048,0.20000000000000048
2,10.2,10.0,10.0,10.4,10.0,10.0,10.2,0.0,0.0,0.20000000000000048,0.0,0.0,0.0,0.0,0.0,0.20000000000000048,0.20000000000000048,0.0,0.20000000000000048,0.20000000000000048
3,10.2,8.58449137456452,-0.038771563588701465,0.0,8.8,0.0,0.0,-0.20000000000000048,0.0,0.0,-0.015508625435480528,-0.038771563588701465,0.0,-0.21550862543548102,-0.038771563588701465,0.0,0.20000000000000048,0.041758251951090515,0.21896849494893822,0.21896849494893822
0,10.4,9.6,1.0,0.0,9.4,1.0,0.0,0.19999999999999987,0.0,0.0,0.0,0.0,0.0,0.19999999999999987,0.0,0.0,0.19999999999999987,0.0,0.19999999999999987,0.19999999999999987
1,10.4,10.6,19.0,0.0,10.4,19.0,0.0,0.19999999999999987,0.0,0.0,0.0,0.0,0.0,0.19999999999999987,0.0,0.0,0.19999999999999987,0.0,0.19999999999999987,0.19999999999999987
2,10.4,10.0,10.0,10.6,10.0,10.0,10.4,0.0,0.0,0.19999999999999987,0.0,0.0,0.0,0.0,0.0,0.19999999999999987,0.19999999999999987,0.0,0.19999999999999987,0.19999999999999987
3,10.4,8.4,0.0,0.0,8.6,0.0,0.0,-0.19999999999999987,0.0,0.0,0.0,0.0,0.0,-0.19999999999999987,0.0,0.0,0.19999999999999987,0.0,0.19999999999999987,0.19999999999999987
0,10.6,9.799999999999999,1.0,0.0,9.6,1.0,0.0,0.19999999999999987,0.0,0.0,0.0,0.0,0.0,0.19999999999999987,0.0,0.0,0.19999999999999987,0.0,0.19999999999999987,0.19999999999999987
1,10.6,10.799999999999999,19.0,0.0,10.6,19.0,0.0,0.19999999999999987,0.0,0.0,0.0,0.0,0.0,0.19999999999999987,0.0,0.0,0.19999999999999987,0.0,0.19999999999999987,0.19999999999999987
2,10.6,10.0,10.0,10.799999999999999,10.0,10.0,10.6,0.0,0.0,0.19999999999999987,0.0,0.0,0.0,0.0,0.0,0.19999999999999987,0.19999999999999987,0.0,0.19999999999999987,0.19999999999999987
3,10.6,8.2,0.0,0.0,8.4,0.0,0.0,-0.20000000000000018,0.0,0.0,0.0,0.0,0.0,-0.20000000000000018,0.0,0.0,0.20000000000000018,0.0,0.20000000000000018,0.20000000000000018
0,10.8,10.0,1.0,0.0,9.8,1.0,0.0,0.19999999999999987,0.0,0.0,0.0,0.0,0.0,0.19999999999999987,0.0,0.0,0.19999999999999987,0.0,0.19999999999999987,0.19999999999999987
1,10.8,11.0,19.0,0.0,10.8,19.0,0.0,0.19999999999999987,0.0,0.0,0.0,0.0,0.0,0.19999999999999987,0.0,0.0,0.19999999999999987,0.0,0.19999999999999987,0.19999999999999987
2,10.8,10.0,10.0,11.0,10.0,10.0,10.8,0.0,0.0,0.19999999999999987,0.0,0.0,0.0,0.0,0.0,0.19999999999999987,0.19999999999999987,0.0,0.19999999999999987,0.19999999999999987
3,10.8,7.999999999999999,0.0,0.0,8.2,0.0,0.0,-0.19999999999999987,0.0,0.0,0.0,0.0,0.0,-0.19999999999999987,0.0,0.0,0.19999999999999987,0.0,0.19999999999999987,0.19999999999999987
0,11.0,10.2,1.0,0.0,10.0,1.0,0.0,0.19999999999999987,0.0,0.0,0.0,0.0,0.0,0.19999999999999987,0.0,0.0,0.19999999999999987,0.0,0.19999999999999987,0.19999999999999987
1,11.0,11.2,19.0,0.0,11.0,19.0,0.0,0.19999999999999987,0.0,0.0,0.0,0.0,0.0,0.19999999999999987,0.0,0.0,0.19999999999999987,0.0,0.19999999999999987,0.19999999999999987
2,11.0,10.0,10.0,11.2,10.0,10.0,11.0,0.0,0.0,0.19999999999999987,0.0,0.0,0.0,0.0,0.0,0.19999999999999987,0.19999999999999987,0.0,0.19999999999999987,0.19999999999999987
3,11.0,7.8,0.0,0.0,8.0,0.0,0.0,-0.19999999999999987,0.0,0.0,0.0,0.0,0.0,-0.19999999999999987,0.0,0.0,0.19999999999999987,0.0,0.19999999999999987,0.19999999999999987
0,11.2,10.4,1.0,0.0,10.2,1.0,0.0,0.20000000000000048,0.0,0.0,0.0,0.0,0.0,0.20000000000000048,0.0,0.0,0.20000000000000048,0.0,0.20000000000000048,0.20000000000000048
1,11.2,11.4,19.0,0.0,11.2,19.0,0.0,0.20000000000000048,0.0,0.0,0.0,0.0,0.0,0.20000000000000048,0.0,0.0,0.20000000000000048,0.0,0.20000000000000048,0.20000000000000048
2,11.2,10.0,10.0,11.4,10.0,10.0,11.2,0.0,0.0,0.20000000000000048,0.0,0.0,0.0,0.0,0.0,0.20000000000000048,0.20000000000000048,0.0,0.20000000000000048,0.20000000000000048
3,11.2,7.6,0.0,0.0,7.8,0.0,0.0,-0.19999999999999987,0.0,0.0,0.0,0.0,0.0,-0.19999999999999987,0.0,0.0,0.19999999999999987,0.0,0.19999999999999987,0.19999999999999987
0,11.4,10.6,1.0,0.0,10.4,1.0,0.0,0.19999999999999987,0.0,0.0,0.0,0.0,0.0,0.19999999999999987,0.0,0.0,0.19999999999999987,0.0,0.19999999999999987,0.19999999999999987
1,11.4,11.6,19.0,0.0,11.4,19.0,0.0,0.19999999999999987,0.0,0.0,0.0,0.0,0.0,0.19999999999999987,0.0,0.0,0.19999999999999987,0.0,0.19999999999999987,0.19999999999999987
2,11.4,10.0,10.0,11.6,10.0,10.0,11.4,0.0,0.0,0.19999999999999987,0.0,0.0,0.0,0.0,0.0,0.19999999999999987,0.19999999999999987,0.0,0.19999999999999987,0.19999999999999987
3,11.4,7.3999999999999995,0.0,0.0,7.6,0.0,0.0,-0.19999999999999987,0.0,0.0,0.0,0.0,0.0,-0.19999999999999987,0.0,0.0,0.19999999999999987,0.0,0.19999999999999987,0.19999999999999987
0,11.6,10.799999999999999,1.0,0.0,10.6,1.0,0.0,0.19999999999999987,0.0,0.0,0.0,0.0,0.0,0.19999999999999987,0.0,0.0,0.19999999999999987,0.0,0.19999999999999987,0.19999999999999987
1,11.6,11.799999999999999,19.0,0.0,11.6,19.0,0.0,0.19999999999999987,0.0,0.0,0.0,0.0,0.0,0.19999999999999987,0.0,0.0,0.19999999999999987,0.0,0.19999999999999987,0.19999999999999987
2,11.6,10.0,10.0,11.799999999999999,10.0,10.0,11.6,0.0,0.0,0.19999999999999987,0.0,0.0,0.0,0.0,0.0,0.19999999999999987,0.19999999999999987,0.0,0.19999999999999987,0.19999999999999987
3,11.6,7.2,0.0,0.0,7.4,0.0,0.0,-0.20000000000000018,0.0,0.0,0.0,0.0,0.0,-0.20000000000000018,0.0,0.0,0.20000000000000018,0.0,0.20000000000000018,0.20000000000000018
0,11.8,11.0,1.0,0.0,10.8,1.0,0.0,0.19999999999999987,0.0,0.0,0.0,0.0,0.0,0.19999999999999987,0.0,0.0,0.19999999999999987,0.0,0.19999999999999987,0.19999999999999987
1,11.8,12.0,19.0,0.0,11.8,19.0,0.0,0.19999999999999987,0.0,0.0,0.0,0.0,0.0,0.19999999999999987,0.0,0.0,0.19999999999999987,0.0,0.19999999999999987,0.19999999999999987
2,11.8,10.0,10.0,12.0,10.0,10.0,11.8,0.0,0.0,0.19999999999999987,0.0,0.0,0.0,0.0,0.0,0.19999999999999987,0.19999999999999987,0.0,0.19999999999999987,0.19999999999999987
3,11.8,7.0,0.0,0.0,7.2,0.0,0.0,-0.20000000000000018,0.0,0.0,0.0,0.0,0.0,-0.20000000000000018,0.0,0.0,0.20000000000000018,0.0,0.20000000000000018,0.20000000000000018
0,12.0,11.2,1.0,0.0,11.0,1.0,0.0,0.19999999999999987,0.0,0.0,0.0,0.0,0.0,0.19999999999999987,0.0,0.0,0.19999999999999987,0.0,0.19999999999999987,0.19999999999999987
1,12.0,12.2,19.0,0.0,12.0,19.0,0.0,0.19999999999999987,0.0,0.0,0.0,0.0,0.0,0.19999999999999987,0.0,0.0,0.19999999999999987,0.0,0.19999999999999987,0.19999999999999987
2,12.0,10.0,10.0,12.2,10.0,10.0,12.0,0.0,0.0,0.19999999999999987,0.0,0.0,0.0,0.0,0.0,0.19999999999999987,0.19999999999999987,0.0,0.19999999999999987,0.19999999999999987
3,12.0,6.8,0.0,0.0,7.0,0.0,0.0,-0.19999999999999987,0.0,0.0,0.0,0.0,0.0,-0.19999999999999987,0.0,0.0,0.19999999999999987,0.0,0.19999999999999987,0.19999999999999987
0,12.2,11.4,1.0,0.0,11.2,1.0,0.0,0.20000000000000048,0.0,0.0,0.0,0.0,0.0,0.20000000000000048,0.0,0.0,0.20000000000000048,0.0,0.20000000000000048,0.20000000000000048
1,12.2,12.4,19.0,0.0,12.2,19.0,0.0,0.20000000000000048,0.0,0.0,0.0,0.0,0.0,0.20000000000000048,0.0,0.0,0.20000000000000048,0.0,0.20000000000000048,0.20000000000000048
2,12.2,10.0,10.0,12.4,10.0,10.0,12.2,0.0,0.0,0.20000000000000048,0.0,0.0,0.0,0.0,0.0,0.20000000000000048,0.20000000000000048,0.0,0.20000000000000048,0.20000000000000048
3,12.2,6.6,0.0,0.0,6.8,0.0,0.0,-0.19999999999999987,0.0,0.0,0.0,0.0,0.0,-0.19999999999999987,0.0,0.0,0.19999999999999987,0.0,0.19999999999999987,0.19999999999999987
0,12.4,11.6,1.0,0.0,11.4,1.0,0.0,0.19999999999999987,0.0,0.0,0.0,0.0,0.0,0.19999999999999987,0.0,0.0,0.19999999999999987,0.0,0.19999999999999987,0.19999999999999987
1,12.4,12.6,19.0,0.0,12.4,19.0,0.0,0.19999999999999987,0.0,0.0,0.0,0.0,0.0,0.19999999999999987,0.0,0.0,0.19999999999999987,0.0,0.19999999999999987,0.19999999999999987
2,12.4,10.0,10.0,12.6,10.0,10.0,12.4,0.0,0.0,0.19999999999999987,0.0,0.0,0.0,0.0,0.0,0.19999999999999987,0.19999999999999987,0.0,0.19999999999999987,0.19999999999999987
3,12.4,6.3999999999999995,0.0,0.0,6.6,0.0,0.0,-0.19999999999999987,0.0,0.0,0.0,0.0,0.0,-0.19999999999999987,0.0,0.0,0.19999999999999987,0.0,0.19999999999999987,0.19999999999999987
0,12.6,11.799999999999999,1.0,0.0,11.6,1.0,0.0,0.19999999999999987,0.0,0.0,0.0,0.0,0.0,0.19999999999999987,0.0,0.0,0.19999999999999987,0.0,0.19999999999999987,0.19999999999999987
1,12.6,12.799999999999999,19.0,0.0,12.6,19.0,0.0,0.19999999999999987,0.0,0.0,0.0,0.0,0.0,0.19999999999999987,0.0,0.0,0.19999999999999987,0.0,0.19999999999999987,0.19999999999999987
2,12.6,10.0,10.0,12.799999999999999,10.0,10.0,12.6,0.0,0.0,0.19999999999999987,0.0,0.0,0.0,0.0,0.0,0.19999999999999987,0.19999999999999987,0.0,0.19999999999999987,0.19999999999999987
3,12.6,6.2,0.0,0.0,6.4,0.0,0.0,-0.20000000000000018,0.0,0.0,0.0,0.0,0.0,-0.20000000000000018,0.0,0.0,0.20000000000000018,0.0,0.20000000000000018,0.20000000000000018
0,12.8,12.0,1.0,0.0,11.8,1.0,0.0,0.19999999999999987,0.0,0.0,0.0,0.0,0.0,0.19999999999999987,0.0,0.0,0.19999999999999987,0.0,0.19999999999999987,0.19999999999999987
1,12.8,13.0,19.0,0.0,12.8,19.0,0.0,0.19999999999999987,0.0,0.0,0.0,0.0,0.0,0.19999999999999987,0.0,0.0,0.19999999999999987,0.0,0.19999999999999987,0.19999999999999987
2,12.8,10.0,10.0,13.0,10.0,10.0,12.8,0.0,0.0,0.19999999999999987,0.0,0.0,0.0,0.0,0.0,0.19999999999999987,0.19999999999999987,0.0,0.19999999999999987,0.19999999999999987
3,12.8,6.0,0.0,0.0,6.2,0.0,0.0,-0.20000000000000018,0.0,0.0,0.0,0.0,0.0,-0.20000000000000018,0.0,0.0,0.20000000000000018,0.0,0.20000000000000018,0.20000000000000018
0,13.0,12.2,1.0,0.0,12.0,1.0,0.0,0.19999999999999987,0.0,0.0,0.0,0.0,0.0,0.19999999999999987,0.0,0.0,0.19999999999999987,0.0,0.19999999999999987,0.19999999999999987
1,13.0,13.2,19.0,0.0,13.0,19.0,0.0,0.19999999999999987,0.0,0.0,0.0,0.0,0.0,0.19999999999999987,0.0,0.0,0.19999999999999987,0.0,0.19999999999999987,0.19999999999999987
2,13.0,10.0,10.0,13.2,10.0,10.0,13.0,0.0,0.0,0.19999999999999987,0.0,0.0,0.0,0.0,0.0,0.19999999999999987,0.19999999999999987,0.0,0.19999999999999987,0.19999999999999987
3,13.0,5.8,0.0,0.0,6.0,0.0,0.0,-0.19999999999999987,0.0,0.0,0.0,0.0,0.0,-0.19999999999999987,0.0,0.0,0.19999999999999987,0.0,0.19999999999999987,0.19999999999999987
0,13.2,12.4,1.0,0.0,12.2,1.0,0.0,0.20000000000000048,0.0,0.0,0.0,0.0,0.0,0.20000000000000048,0.0,0.0,0.20000000000000048,0.0,0.20000000000000048,0.20000000000000048
1,13.2,13.4,19.0,0.0,13.2,19.0,0.0,0.20000000000000048,0.0,0.0,0.0,0.0,0.0,0.20000000000000048,0.0,0.0,0.20000000000000048,0.0,0.20000000000000048,0.20000000000000048
2,13.2,10.0,10.0,13.4,10.0,10.0,13.2,0.0,0.0,0.20000000000000048,0.0,0.0,0.0,0.0,0.0,0.20000000000000048,0.20000000000000048,0.0,0.20000000000000048,0.20000000000000048
3,13.2,5.6,0.0,0.0,5.8,0.0,0.0,-0.19999999999999987,0.0,0.0,0.0,0.0,0.0,-0.19999999999999987,0.0,0.0,0.19999999999999987,0.0,0.19999999999999987,0.19999999999999987
0,13.4,12.6,1.0,0.0,12.4,1.0,0.0,0.19999999999999987,0.0,0.0,0.0,0.0,0.0,0.19999999999999987,0.0,0.0,0.19999999999999987,0.0,0.19999999999999987,0.19999999999999987
1,13.4,13.6,19.0,0.0,13.4,19.0,0.0,0.19999999999999987,0.0,0.0,0.0,0.0,0.0,0.19999999999999987,0.0,0.0,0.19999999999999987,0.0,0.19999999999999987,0.19999999999999987
2,13.4,10.0,10.0,13.6,10.0,10.0,13.4,0.0,0.0,0.19999999999999987,0.0,0.0,0.0,0.0,0.0,0.19999999999999987,0.19999999999999987,0.0,0.19999999999999987,0.19999999999999987
3,13.4,5.3999999999999995,0.0,0.0,5.6,0.0,0.0,-0.19999999999999987,0.0,0.0,0.0,0.0,0.0,-0.19999999999999987,0.0,0.0,0.19999999999999987,0.0,0.19999999999999987,0.19999999999999987
0,13.6,12.799999999999999,1.0,0.0,12.6,1.0,0.0,0.19999999999999987,0.0,0.0,0.0,0.0,0.0,0.19999999999999987,0.0,0.0,0.19999999999999987,0.0,0.19999999999999987,0.19999999999999987
1,13.6,13.799999999999999,19.0,0.0,13.6,19.0,0.0,0.19999999999999987,0.0,0.0,0.0,0.0,0.0,0.19999999999999987,0.0,0.0,0.19999999999999987,0.0,0.19999999999999987,0.19999999999999987
2,13.6,10.0,10.0,13.799999999999999,10.0,10.0,13.6,0.0,0.0,0.19999999999999987,0.0,0.0,0.0,0.0,0.0,0.19999999999999987,0.19999999999999987,0.0,0.19999999999999987,0.19999999999999987
3,13.6,5.2,0.0,0.0,5.4,0.0,0.0,-0.20000000000000018,0.0,0.0,0.0,0.0,0.0,-0.20000000000000018,0.0,0.0,0.20000000000000018,0.0,0.20000000000000018,0.20000000000000018
0,13.8,13.0,1.0,0.0,12.8,1.0,0.0,0.19999999999999987,0.0,0.0,0.0,0.0,0.0,0.19999999999999987,0.0,0.0,0.19999999999999987,0.0,0.19999999999999987,0.19999999999999987
1,13.8,14.0,19.0,0.0,13.8,19.0,0.0,0.19999999999999987,0.0,0.0,0.0,0.0,0.0,0.19999999999999987,0.0,0.0,0.19999999999999987,0.0,0.19999999999999987,0.19999999999999987
2,13.8,10.0,10.0,14.0,10.0,10.0,13.8,0.0,0.0,0.19999999999999987,0.0,0.0,0.0,0.0,0.0,0.19999999999999987,0.19999999999999987,0.0,0.19999999999999987,0.19999999999999987
3,13.8,5.0,0.0,0.0,5.2,0.0,0.0,-0.20000000000000018,0.0,0.0,0.0,0.0,0.0,-0.20000000000000018,0.0,0.0,0.20000000000000018,0.0,0.20000000000000018,0.20000000000000018
0,14.0,13.2,1.0,0.0,13.0,1.0,0.0,0.19999999999999987,0.0,0.0,0.0,0.0,0.0,0.19999999999999987,0.0,0.0,0.19999999999999987,0.0,0.19999999999999987,0.19999999999999987
1,14.0,14.2,19.0,0.0,14.0,19.0,0.0,0.19999999999999987,0.0,0.0,0.0,0.0,0.0,0.19999999999999987,0.0,0.0,0.19999999999999987,0.0,0.19999999999999987,0.19999999999999987
2,14.0,10.0,10.0,14.2,10.0,10.0,14.0,0.0,0.0,0.19999999999999987,0.0,0.0,0.0,0.0,0.0,0.19999999999999987,0.19999999999999987,0.0,0.19999999999999987,0.19999999999999987
3,14.0,4.8,0.0,0.0,5.0,0.0,0.0,-0.19999999999999987,0.0,0.0,0.0,0.0,0.0,-0.19999999999999987,0.0,0.0,0.19999999999999987,0.0,0.19999999999999987,0.19999999999999987
0,14.2,13.4,1.0,0.0,13.2,1.0,0.0,0.20000000000000048,0.0,0.0,0.0,0.0,0.0,0.20000000000000048,0.0,0.0,0.20000000000000048,0.0,0.20000000000000048,0.20000000000000048
1,14.2,14.4,19.0,0.0,14.2,19.0,0.0,0.20000000000000048,0.0,0.0,0.0,0.0,0.0,0.20000000000000048,0.0,0.0,0.20000000000000048,0.0,0.20000000000000048,0.20000000000000048
2,14.2,10.0,10.0,14.4,10.0,10.0,14.2,0.0,0.0,0.20000000000000048,0.0,0.0,0.0,0.0,0.0,0.20000000000000048,0.20000000000000048,0.0,0.20000000000000048,0.20000000000000048
3,14.2,4.6,0.0,0.0,4.8,0.0,0.0,-0.19999999999999987,0.0,0.0,0.0,0.0,0.0,-0.19999999999999987,0.0,0.0,0.19999999999999987,0.0,0.19999999999999987,0.19999999999999987
0,14.4,13.6,1.0,0.0,13.4,1.0,0.0,0.19999999999999987,0.0,0.0,0.0,0.0,0.0,0.19999999999999987,0.0,0.0,0.19999999999999987,0.0,0.19999999999999987,0.19999999999999987
1,14.4,14.6,19.0,0.0,14.4,19.0,0.0,0.19999999999999987,0.0,0.0,0.0,0.0,0.0,0.19999999999999987,0.0,0.0,0.19999999999999987,0.0,0.19999999999999987,0.19999999999999987
2,14.4,10.0,10.0,14.6,10.0,10.0,14.4,0.0,0.0,0.19999999999999987,0.0,0.0,0.0,0.0,0.0,0.19999999999999987,0.19999999999999987,0.0,0.19999999999999987,0.19999999999999987
3,14.4,4.3999999999999995,0.0,0.0,4.6,0.0,0.0,-0.19999999999999987,0.0,0.0,0.0,0.0,0.0,-0.19999999999999987,0.0,0.0,0.19999999999999987,0.0,0.19999999999999987,0.19999999999999987
0,14.6,13.799999999999999,1.0,0.0,13.6,1.0,0.0,0.19999999999999987,0.0,0.0,0.0,0.0,0.0,0.19999999999999987,0.0,0.0,0.19999999999999987,0.0,0.19999999999999987,0.19999999999999987
1,14.6,14.799999999999999,19.0,0.0,14.6,19.0,0.0,0.19999999999999987,0.0,0.0,0.0,0.0,0.0,0.19999999999999987,0.0,0.0,0.19999999999999987,0.0,0.19999999999999987,0.19999999999999987
2,14.6,10.0,10.0,14.799999999999999,10.0,10.0,14.6,0.0,0.0,0.19999999999999987,0.0,0.0,0.0,0.0,0.0,0.19999999999999987,0.19999999999999987,0.0,0.19999999999999987,0.19999999999999987
3,14.6,4.2,0.0,0.0,4.4,0.0,0.0,-0.20000000000000018,0.0,0.0,0.0,0.0,0.0,-0.20000000000000018,0.0,0.0,0.20000000000000018,0.0,0.20000000000000018,0.20000000000000018
0,14.8,14.0,1.0,0.0,13.8,1.0,0.0,0.19999999999999987,0.0,0.0,0.0,0.0,0.0,0.19999999999999987,0.0,0.0,0.19999999999999987,0.0,0.19999999999999987,0.19999999999999987
1,14.8,15.0,19.0,0.0,14.8,19.0,0.0,0.19999999999999987,0.0,0.0,0.0,0.0,0.0,0.19999999999999987,0.0,0.0,0.19999999999999987,0.0,0.19999999999999987,0.19999999999999987
2,14.8,10.0,10.0,15.0,10.0,10.0,14.8,0.0,0.0,0.19999999999999987,0.0,0.0,0.0,0.0,0.0,0.19999999999999987,0.19999999999999987,0.0,0.19999999999999987,0.19999999999999987
3,14.8,4.0,0.0,0.0,4.2,0.0,0.0,-0.20000000000000004,0.0,0.0,0.0,0.0,0.0,-0.20000000000000004,0.0,0.0,0.20000000000000004,0.0,0.20000000000000004,0.20000000000000004
0,15.0,14.2,1.0,0.0,14.0,1.0,0.0,0.19999999999999987,0.0,0.0,0.0,0.0,0.0,0.19999999999999987,0.0,0.0,0.19999999999999987,0.0,0.19999999999999987,0.19999999999999987
1,15.0,15.2,19.0,0.0,15.0,19.0,0.0,0.19999999999999987,0.0,0.0,0.0,0.0,0.0,0.19999999999999987,0.0,0.0,0.19999999999999987,0.0,0.19999999999999987,0.19999999999999987
2,15.0,10.0,10.0,15.2,10.0,10.0,15.0,0.0,0.0,0.19999999999999987,0.0,0.0,0.0,0.0,0.0,0.19999999999999987,0.19999999999999987,0.0,0.19999999999999987,0.19999999999999987
3,15.0,3.8,0.0,0.0,4.0,0.0,0.0,-0.20000000000000004,0.0,0.0,0.0,0.0,0.0,-0.20000000000000004,0.0,0.0,0.20000000000000004,0.0,0.20000000000000004,0.20000000000000004
0,15.2,14.4,1.0,0.0,14.2,1.0,0.0,0.20000000000000048,0.0,0.0,0.0,0.0,0.0,0.20000000000000048,0.0,0.0,0.20000000000000048,0.0,0.20000000000000048,0.20000000000000048
1,15.2,15.4,19.0,0.0,15.2,19.0,0.0,0.20000000000000048,0.0,0.0,0.0,0.0,0.0,0.20000000000000048,0.0,0.0,0.20000000000000048,0.0,0.20000000000000048,0.20000000000000048
2,15.2,10.0,10.0,15.4,10.0,10.0,15.2,0.0,0.0,0.20000000000000048,0.0,0.0,0.0,0.0,0.0,0.20000000000000048,0.20000000000000048,0.0,0.20000000000000048,0.20000000000000048
3,15.2,3.6,0.0,0.0,3.8,0.0,0.0,-0.19999999999999987,0.0,0.0,0.0,0.0,0.0,-0.19999999999999987,0.0,0.0,0.19999999999999987,0.0,0.19999999999999987,0.19999999999999987
0,15.4,14.6,1.0,0.0,14.4,1.0,0.0,0.19999999999999987,0.0,0.0,0.0,0.0,0.0,0.19999999999999987,0.0,0.0,0.19999999999999987,0.0,0.19999999999999987,0.19999999999999987
1,15.4,15.6,19.0,0.0,15.4,19.0,0.0,0.19999999999999987,0.0,0.0,0.0,0.0,0.0,0.19999999999999987,0.0,0.0,0.19999999999999987,0.0,0.19999999999999987,0.19999999999999987
2,15.4,10.0,10.0,15.6,10.0,10.0,15.4,0.0,0.0,0.19999999999999987,0.0,0.0,0.0,0.0,0.0,0.19999999999999987,0.19999999999999987,0.0,0.19999999999999987,0.19999999999999987
3,15.4,3.4,0.0,0.0,3.6,0.0,0.0,-0.20000000000000004,0.0,0.0,0.0,0.0,0.0,-0.20000000000000004,0.0,0.0,0.20000000000000004,0.0,0.20000000000000004,0.20000000000000004
0,15.6,14.799999999999999,1.0,0.0,14.6,1.0,0.0,0.19999999999999987,0.0,0.0,0.0,0.0,0.0,0.19999999999999987,0.0,0.0,0.19999999999999987,0.0,0.19999999999999987,0.19999999999999987
1,15.6,15.799999999999999,19.0,0.0,15.6,19.0,0.0,0.19999999999999987,0.0,0.0,0.0,0.0,0.0,0.19999999999999987,0.0,0.0,0.19999999999999987,0.0,0.19999999999999987,0.19999999999999987
2,15.6,10.0,10.0,15.799999999999999,10.0,10.0,15.6,0.0,0.0,0.19999999999999987,0.0,0.0,0.0,0.0,0.0,0.19999999999999987,0.19999999999999987,0.0,0.19999999999999987,0.19999999999999987
3,15.6,3.1999999999999997,0.0,0.0,3.4,0.0,0.0,-0.20000000000000004,0.0,0.0,0.0,0.0,0.0,-0.20000000000000004,0.0,0.0,0.20000000000000004,0.0,0.20000000000000004,0.20000000000000004
0,15.8,15.0,1.0,0.0,14.8,1.0,0.0,0.19999999999999987,0.0,0.0,0.0,0.0,0.0,0.19999999999999987,0.0,0.0,0.19999999999999987,0.0,0.19999999999999987,0.19999999999999987
1,15.8,16.0,19.0,0.0,15.8,19.0,0.0,0.1999999999999993,0.0,0.0,0.0,0.0,0.0,0.1999999999999993,0.0,0.0,0.1999999999999993,0.0,0.1999999999999993,0.1999999999999993
2,15.8,10.0,10.0,16.0,10.0,10.0,15.8,0.0,0.0,0.1999999999999993,0.0,0.0,0.0,0.0,0.0,0.1999999999999993,0.1999999999999993,0.0,0.1999999999999993,0.1999999999999993
3,15.8,3.0,0.0,0.0,3.2,0.0,0.0,-0.20000000000000004,0.0,0.0,0.0,0.0,0.0,-0.20000000000000004,0.0,0.0,0.20000000000000004,0.0,0.20000000000000004,0.20000000000000004
0,16.0,15.2,1.0,0.0,15.0,1.0,0.0,0.19999999999999987,0.0,0.0,0.0,0.0,0.0,0.19999999999999987,0.0,0.0,0.19999999999999987,0.0,0.19999999999999987,0.19999999999999987
1,16.0,16.2,19.0,0.0,16.0,19.0,0.0,0.20000000000000048,0.0,0.0,0.0,0.0,0.0,0.20000000000000048,0.0,0.0,0.20000000000000048,0.0,0.20000000000000048,0.20000000000000048
2,16.0,10.0,10.0,16.2,10.0,10.0,16.0,0.0,0.0,0.20000000000000048,0.0,0.0,0.0,0.0,0.0,0.20000000000000048,0.20000000000000048,0.0,0.20000000000000048,0.20000000000000048
3,16.0,2.8,0.0,0.0,3.0,0.0,0.0,-0.20000000000000004,0.0,0.0,0.0,0.0,0.0,-0.20000000000000004,0.0,0.0,0.20000000000000004,0.0,0.20000000000000004,0.20000000000000004
0,16.2,15.4,1.0,0.0,15.2,1.0,0.0,0.20000000000000048,0.0,0.0,0.0,0.0,0.0,0.20000000000000048,0.0,0.0,0.20000000000000048,0.0,0.20000000000000048,0.20000000000000048
1,16.2,16.4,19.0,0.0,16.2,19.0,0.0,0.20000000000000048,0.0,0.0,0.0,0.0,0.0,0.20000000000000048,0.0,0.0,0.20000000000000048,0.0,0.20000000000000048,0.20000000000000048
2,16.2,10.0,10.0,16.4,10.0,10.0,16.2,0.0,0.0,0.20000000000000048,0.0,0.0,0.0,0.0,0.0,0.20000000000000048,0.20000000000000048,0.0,0.20000000000000048,0.20000000000000048
3,16.2,2.6,0.0,0.0,2.8,0.0,0.0,-0.19999999999999987,0.0,0.0,0.0,0.0,0.0,-0.19999999999999987,0.0,0.0,0.19999999999999987,0.0,0.19999999999999987,0.19999999999999987
0,16.4,15.6,1.0,0.0,15.4,1.0,0.0,0.19999999999999987,0.0,0.0,0.0,0.0,0.0,0.19999999999999987,0.0,0.0,0.19999999999999987,0.0,0.19999999999999987,0.19999999999999987
1,16.4,16.599999999999998,19.0,0.0,16.4,19.0,0.0,0.20000000000000048,0.0,0.0,0.0,0.0,0.0,0.20000000000000048,0.0,0.0,0.20000000000000048,0.0,0.20000000000000048,0.20000000000000048
2,16.4,10.0,10.0,16.599999999999998,10.0,10.0,16.4,0.0,0.0,0.20000000000000048,0.0,0.0,0.0,0.0,0.0,0.20000000000000048,0.20000000000000048,0.0,0.20000000000000048,0.20000000000000048
3,16.4,2.4,0.0,0.0,2.6,0.0,0.0,-0.20000000000000004,0.0,0.0,0.0,0.0,0.0,-0.20000000000000004,0.0,0.0,0.20000000000000004,0.0,0.20000000000000004,0.20000000000000004
0,16.6,15.799999999999999,1.0,0.0,15.6,1.0,0.0,0.19999999999999987,0.0,0.0,0.0,0.0,0.0,0.19999999999999987,0.0,0.0,0.19999999999999987,0.0,0.19999999999999987,0.19999999999999987
1,16.6,16.8,19.0,0.0,16.6,19.0,0.0,0.1999999999999993,0.0,0.0,0.0,0.0,0.0,0.1999999999999993,0.0,0.0,0.1999999999999993,0.0,0.1999999999999993,0.1999999999999993
2,16.6,10.0,10.0,16.8,10.0,10.0,16.6,0.0,0.0,0.1999999999999993,0.0,0.0,0.0,0.0,0.0,0.1999999999999993,0.1999999999999993,0.0,0.1999999999999993,0.1999999999999993
3,16.6,2.2,0.0,0.0,2.4,0.0,0.0,-0.19999999999999996,0.0,0.0,0.0,0.0,0.0,-0.19999999999999996,0.0,0.0,0.19999999999999996,0.0,0.19999999999999996,0.19999999999999996
0,16.8,16.0,1.0,0.0,15.8,1.0,0.0,0.1999999999999993,0.0,0.0,0.0,0.0,0.0,0.1999999999999993,0.0,0.0,0.1999999999999993,0.0,0.1999999999999993,0.1999999999999993
1,16.8,17.0,19.0,0.0,16.8,19.0,0.0,0.1999999999999993,0.0,0.0,0.0,0.0,0.0,0.1999999999999993,0.0,0.0,0.1999999999999993,0.0,0.1999999999999993,0.1999999999999993
2,16.8,10.0,10.0,17.0,10.0,10.0,16.8,0.0,0.0,0.1999999999999993,0.0,0.0,0.0,0.0,0.0,0.1999999999999993,0.1999999999999993,0.0,0.1999999999999993,0.1999999999999993
3,16.8,2.0,0.0,0.0,2.2,0.0,0.0,-0.20000000000000004,0.0,0.0,0.0,0.0,0.0,-0.20000000000000004,0.0,0.0,0.20000000000000004,0.0,0.20000000000000004,0.20000000000000004
0,17.0,16.2,1.0,0.0,16.0,1.0,0.0,0.20000000000000048,0.0,0.0,0.0,0.0,0.0,0.20000000000000048,0.0,0.0,0.20000000000000048,0.0,0.20000000000000048,0.20000000000000048
1,17.0,17.2,19.0,0.0,17.0,19.0,0.0,0.20000000000000048,0.0,0.0,0.0,0.0,0.0,0.20000000000000048,0.0,0.0,0.20000000000000048,0.0,0.20000000000000048,0.20000000000000048
2,17.0,10.0,10.0,17.2,10.0,10.0,17.0,0.0,0.0,0.20000000000000048,0.0,0.0,0.0,0.0,0.0,0.20000000000000048,0.20000000000000048,0.0,0.20000000000000048,0.20000000000000048
3,17.0,1.8,0.0,0.0,2.0,0.0,0.0,-0.20000000000000004,0.0,0.0,0.0,0.0,0.0,-0.20000000000000004,0.0,0.0,0.20000000000000004,0.0,0.20000000000000004,0.20000000000000004
0,17.2,16.4,1.0,0.0,16.2,1.0,0.0,0.20000000000000048,0.0,0.0,0.0,0.0,0.0,0.20000000000000048,0.0,0.0,0.20000000000000048,0.0,0.20000000000000048,0.20000000000000048
1,17.2,17.4,19.0,0.0,17.2,19.0,0.0,0.20000000000000048,0.0,0.0,0.0,0.0,0.0,0.20000000000000048,0.0,0.0,0.20000000000000048,0.0,0.20000000000000048,0.20000000000000048
2,17.2,10.0,10.0,17.4,10.0,10.0,17.2,0.0,0.0,0.20000000000000048,0.0,0.0,0.0,0.0,0.0,0.20000000000000048,0.20000000000000048,0.0,0.20000000000000048,0.20000000000000048
3,17.2,1.6,0.0,0.0,1.8,0.0,0.0,-0.20000000000000004,0.0,0.0,0.0,0.0,0.0,-0.20000000000000004,0.0,0.0,0.20000000000000004,0.0,0.20000000000000004,0.20000000000000004
0,17.4,16.599999999999998,1.0,0.0,16.4,1.0,0.0,0.20000000000000048,0.0,0.0,0.0,0.0,0.0,0.20000000000000048,0.0,0.0,0.20000000000000048,0.0,0.20000000000000048,0.20000000000000048
1,17.4,17.599999999999998,19.0,0.0,17.4,19.0,0.0,0.20000000000000048,0.0,0.0,0.0,0.0,0.0,0.20000000000000048,0.0,0.0,0.20000000000000048,0.0,0.20000000000000048,0.20000000000000048
2,17.4,10.0,10.0,17.599999999999998,10.0,10.0,17.4,0.0,0.0,0.20000000000000048,0.0,0.0,0.0,0.0,0.0,0.20000000000000048,0.20000000000000048,0.0,0.20000000000000048,0.20000000000000048
3,17.4,1.4000000000000001,0.0,0.0,1.6,0.0,0.0,-0.20000000000000004,0.0,0.0,0.0,0.0,0.0,-0.20000000000000004,0.0,0.0,0.20000000000000004,0.0,0.20000000000000004,0.20000000000000004
0,17.6,16.8,1.0,0.0,16.6,1.0,0.0,0.1999999999999993,0.0,0.0,0.0,0.0,0.0,0.1999999999999993,0.0,0.0,0.1999999999999993,0.0,0.1999999999999993,0.1999999999999993
1,17.6,17.8,19.0,0.0,17.6,19.0,0.0,0.1999999999999993,0.0,0.0,0.0,0.0,0.0,0.1999999999999993,0.0,0.0,0.1999999999999993,0.0,0.1999999999999993,0.1999999999999993
2,17.6,10.0,10.0,17.8,10.0,10.0,17.6,0.0,0.0,0.1999999999999993,0.0,0.0,0.0,0.0,0.0,0.1999999999999993,0.1999999999999993,0.0,0.1999999999999993,0.1999999999999993
3,17.6,1.2,0.0,0.0,1.4,0.0,0.0,-0.19999999999999996,0.0,0.0,0.0,0.0,0.0,-0.19999999999999996,0.0,0.0,0.19999999999999996,0.0,0.19999999999999996,0.19999999999999996
0,17.8,17.0,1.0,0.0,16.8,1.0,0.0,0.1999999999999993,0.0,0.0,0.0,0.0,0.0,0.1999999999999993,0.0,0.0,0.1999999999999993,0.0,0.1999999999999993,0.1999999999999993
1,17.8,18.0,19.0,0.0,17.8,19.0,0.0,0.1999999999999993,0.0,0.0,0.0,0.0,0.0,0.1999999999999993,0.0,0.0,0.1999999999999993,0.0,0.1999999999999993,0.1999999999999993
2,17.8,10.0,10.0,18.0,10.0,10.0,17.8,0.0,0.0,0.1999999999999993,0.0,0.0,0.0,0.0,0.0,0.1999999999999993,0.1999999999999993,0.0,0.1999999999999993,0.1999999999999993
3,17.8,1.0,0.0,0.0,1.2,0.0,0.0,-0.19999999999999998,0.0,0.0,0.0,0.0,0.0,-0.19999999999999998,0.0,0.0,0.19999999999999998,0.0,0.19999999999999998,0.19999999999999998
0,18.0,17.2,1.0,0.0,17.0,1.0,0.0,0.20000000000000048,0.0,0.0,0.0,0.0,0.0,0.20000000000000048,0.0,0.0,0.20000000000000048,0.0,0.20000000000000048,0.20000000000000048
1,18.0,18.2,19.0,0.0,18.0,19.0,0.0,0.20000000000000048,0.0,0.0,0.0,0.0,0.0,0.20000000000000048,0.0,0.0,0.20000000000000048,0.0,0.20000000000000048,0.20000000000000048
2,18.0,10.0,10.0,18.2,10.0,10.0,18.0,0.0,0.0,0.20000000000000048,0.0,0.0,0.0,0.0,0.0,0.20000000000000048,0.20000000000000048,0.0,0.20000000000000048,0.20000000000000048
3,18.0,0.8,0.0,0.0,1.0,0.0,0.0,-0.19999999999999998,0.0,0.0,0.0,0.0,0.0,-0.19999999999999998,0.0,0.0,0.19999999999999998,0.0,0.19999999999999998,0.19999999999999998
0,18.2,17.4,1.0,0.0,17.2,1.0,0.0,0.20000000000000048,0.0,0.0,0.0,0.0,0.0,0.20000000000000048,0.0,0.0,0.20000000000000048,0.0,0.20000000000000048,0.20000000000000048
1,18.2,18.4,19.0,0.0,18.2,19.0,0.0,0.20000000000000048,0.0,0.0,0.0,0.0,0.0,0.20000000000000048,0.0,0.0,0.20000000000000048,0.0,0.20000000000000048,0.20000000000000048
2,18.2,10.0,10.0,18.4,10.0,10.0,18.2,0.0,0.0,0.20000000000000048,0.0,0.0,0.0,0.0,0.0,0.20000000000000048,0.20000000000000048,0.0,0.20000000000000048,0.20000000000000048
3,18.2,0.6,0.0,0.0,0.8,0.0,0.0,-0.20000000000000004,0.0,0.0,0.0,0.0,0.0,-0.20000000000000004,0.0,0.0,0.20000000000000004,0.0,0.20000000000000004,0.20000000000000004
0,18.4,17.599999999999998,1.0,0.0,17.4,1.0,0.0,0.20000000000000048,0.0,0.0,0.0,0.0,0.0,0.20000000000000048,0.0,0.0,0.20000000000000048,0.0,0.20000000000000048,0.20000000000000048
1,18.4,18.599999999999998,19.0,0.0,18.4,19.0,0.0,0.20000000000000048,0.0,0.0,0.0,0.0,0.0,0.20000000000000048,0.0,0.0,0.20000000000000048,0.0,0.20000000000000048,0.20000000000000048
2,18.4,10.0,10.0,18.599999999999998,10.0,10.0,18.4,0.0,0.0,0.20000000000000048,0.0,0.0,0.0,0.0,0.0,0.20000000000000048,0.20000000000000048,0.0,0.20000000000000048,0.20000000000000048
3,18.4,0.4,0.0,0.0,0.6,0.0,0.0,-0.19999999999999998,0.0,0.0,0.0,0.0,0.0,-0.19999999999999998,0.0,0.0,0.19999999999999998,0.0,0.19999999999999998,0.19999999999999998
0,18.6,17.8,1.0,0.0,17.6,1.0,0.0,0.1999999999999993,0.0,0.0,0.0,0.0,0.0,0.1999999999999993,0.0,0.0,0.1999999999999993,0.0,0.1999999999999993,0.1999999999999993
1,18.6,18.733333333333334,18.933333333333334,0.0,18.6,19.0,0.0,0.13333333333333286,-0.06666666666666643,0.0,0.0,0.0,0.0,0.13333333333333286,-0.06666666666666643,0.0,0.14907119849998546,0.0,0.14907119849998546,0.14907119849998546
2,18.6,10.0,10.0,18.733333333333334,10.0,10.0,18.6,0.0,0.0,0.13333333333333286,0.0,0.0,0.0,0.0,0.0,0.13333333333333286,0.13333333333333286,0.0,0.13333333333333286,0.13333333333333286
3,18.6,0.2666666666666667,0.0,0.06666666666666667,0.4,0.0,0.0,-0.13333333333333333,0.0,0.06666666666666667,0.0,0.0,0.0,-0.13333333333333333,0.0,0.06666666666666667,0.14907119849998599,0.0,0.14907119849998599,0.14907119849998599
0,18.8,18.0,1.0,0.0,17.8,1.0,0.0,0.1999999999999993,0.0,0.0,0.0,0.0,0.0,0.1999999999999993,0.0,0.0,0.1999999999999993,0.0,0.1999999999999993,0.1999999999999993
1,18.8,18.866666666666667,18.866666666666667,0.0,18.8,19.0,0.0,0.06666666666666643,-0.13333333333333286,0.0,0.0,0.0,0.0,0.06666666666666643,-0.13333333333333286,0.0,0.14907119849998546,0.0,0.14907119849998546,0.14907119849998546
2,18.8,10.0,10.0,18.866666666666667,10.0,10.0,18.8,0.0,0.0,0.06666666666666643,0.0,0.0,0.0,0.0,0.0,0.06666666666666643,0.06666666666666643,0.0,0.06666666666666643,0.06666666666666643
3,18.8,0.13333333333333325,0.0,0.13333333333333336,0.1999999999999999,0.0,0.0,-0.06666666666666664,0.0,0.13333333333333336,0.0,0.0,0.0,-0.06666666666666664,0.0,0.13333333333333336,0.14907119849998599,0.0,0.14907119849998599,0.14907119849998599
0,19.0,18.2,1.0,0.0,18.0,1.0,0.0,0.20000000000000048,0.0,0.0,0.0,0.0,0.0,0.20000000000000048,0.0,0.0,0.20000000000000048,0.0,0.20000000000000048,0.20000000000000048
1,19.0,19.0,18.8,0.0,19.0,19.0,0.0,0.0,-0.20000000000000048,0.0,0.0,0.0,0.0,0.0,-0.20000000000000048,0.0,0.20000000000000048,0.0,0.20000000000000048,0.20000000000000048
2,19.0,10.0,10.0,19.0,10.0,10.0,19.0,0.0,0.0,0.0,0.0,0.0,0.0,0.0,0.0,0.0,0.0,0.0,0.0,0.0
3,19.0,0.0,0.0,0.19999999999999998,0.0,0.0,0.0,0.0,0.0,0.19999999999999998,0.0,0.0,0.0,0.0,0.0,0.19999999999999998,0.19999999999999998,0.0,0.19999999999999998,0.19999999999999998
0,19.2,18.4,1.0,0.0,18.2,1.0,0.0,0.20000000000000048,0.0,0.0,0.0,0.0,0.0,0.20000000000000048,0.0,0.0,0.20000000000000048,0.0,0.20000000000000048,0.20000000000000048
1,19.2,19.0,18.6,0.0,19.0,18.8,0.0,0.0,-0.20000000000000048,0.0,0.0,0.0,0.0,0.0,-0.20000000000000048,0.0,0.20000000000000048,0.0,0.20000000000000048,0.20000000000000048
2,19.2,10.0,10.0,19.0,10.0,10.0,19.0,0.0,0.0,0.0,0.0,0.0,0.0,0.0,0.0,0.0,0.0,0.0,0.0,0.0
3,19.2,0.0,0.0,0.4,0.0,0.0,0.2,0.0,0.0,0.20000000000000004,0.0,0.0,0.0,0.0,0.0,0.20000000000000004,0.20000000000000004,0.0,0.20000000000000004,0.20000000000000004
0,19.4,18.599999999999998,1.0,0.0,18.4,1.0,0.0,0.20000000000000048,0.0,0.0,0.0,0.0,0.0,0.20000000000000048,0.0,0.0,0.20000000000000048,0.0,0.20000000000000048,0.20000000000000048
1,19.4,19.0,18.400000000000002,0.0,19.0,18.6,0.0,0.0,-0.20000000000000048,0.0,0.0,0.0,0.0,0.0,-0.20000000000000048,0.0,0.20000000000000048,0.0,0.20000000000000048,0.20000000000000048
2,19.4,10.0,10.0,19.0,10.0,10.0,19.0,0.0,0.0,0.0,0.0,0.0,0.0,0.0,0.0,0.0,0.0,0.0,0.0,0.0
3,19.4,0.0,0.0,0.6,0.0,0.0,0.4,0.0,0.0,0.19999999999999998,0.0,0.0,0.0,0.0,0.0,0.19999999999999998,0.19999999999999998,0.0,0.19999999999999998,0.19999999999999998
0,19.6,18.733333333333334,1.0666666666666667,0.0,18.6,1.0,0.0,0.13333333333333286,0.06666666666666665,0.0,0.0,0.0,0.0,0.13333333333333286,0.06666666666666665,0.0,0.14907119849998554,0.0,0.14907119849998554,0.14907119849998554
1,19.6,19.0,18.2,0.0,19.0,18.4,0.0,0.0,-0.1999999999999993,0.0,0.0,0.0,0.0,0.0,-0.1999999999999993,0.0,0.1999999999999993,0.0,0.1999999999999993,0.1999999999999993
2,19.6,10.0,10.0,19.0,10.0,10.0,19.0,0.0,0.0,0.0,0.0,0.0,0.0,0.0,0.0,0.0,0.0,0.0,0.0,0.0
3,19.6,0.0,0.0,0.7999999999999999,0.0,0.0,0.6,0.0,0.0,0.19999999999999998,0.0,0.0,0.0,0.0,0.0,0.19999999999999998,0.19999999999999998,0.0,0.19999999999999998,0.19999999999999998
0,19.8,18.866666666666667,1.1333333333333333,0.0,18.8,1.0,0.0,0.06666666666666643,0.1333333333333333,0.0,0.0,0.0,0.0,0.06666666666666643,0.1333333333333333,0.0,0.14907119849998585,0.0,0.14907119849998585,0.14907119849998585
1,19.8,19.0,18.0,0.0,19.0,18.2,0.0,0.0,-0.1999999999999993,0.0,0.0,0.0,0.0,0.0,-0.1999999999999993,0.0,0.1999999999999993,0.0,0.1999999999999993,0.1999999999999993
2,19.8,10.0,10.0,19.0,10.0,10.0,19.0,0.0,0.0,0.0,0.0,0.0,0.0,0.0,0.0,0.0,0.0,0.0,0.0,0.0
3,19.8,0.0,0.0,1.0,0.0,0.0,0.8,0.0,0.0,0.19999999999999996,0.0,0.0,0.0,0.0,0.0,0.19999999999999996,0.19999999999999996,0.0,0.19999999999999996,0.19999999999999996
0,20.0,19.0,1.2,0.0,19.0,1.0,0.0,0.0,0.20000000000000004,0.0,0.0,0.0,0.0,0.0,0.20000000000000004,0.0,0.20000000000000004,0.0,0.20000000000000004,0.20000000000000004
1,20.0,19.0,17.8,0.0,19.0,18.0,0.0,0.0,-0.20000000000000048,0.0,0.0,0.0,0.0,0.0,-0.20000000000000048,0.0,0.20000000000000048,0.0,0.20000000000000048,0.20000000000000048
2,20.0,10.0,10.0,19.0,10.0,10.0,19.0,0.0,0.0,0.0,0.0,0.0,0.0,0.0,0.0,0.0,0.0,0.0,0.0,0.0
3,20.0,0.0,0.0,1.2,0.0,0.0,1.0,0.0,0.0,0.20000000000000004,0.0,0.0,0.0,0.0,0.0,0.20000000000000004,0.20000000000000004,0.0,0.20000000000000004,0.20000000000000004
0,20.2,19.0,1.4,0.0,19.0,1.2,0.0,0.0,0.20000000000000004,0.0,0.0,0.0,0.0,0.0,0.20000000000000004,0.0,0.20000000000000004,0.0,0.20000000000000004,0.20000000000000004
1,20.2,19.0,17.6,0.0,19.0,17.8,0.0,0.0,-0.20000000000000048,0.0,0.0,0.0,0.0,0.0,-0.20000000000000048,0.0,0.20000000000000048,0.0,0.20000000000000048,0.20000000000000048
2,20.2,10.0,10.0,19.0,10.0,10.0,19.0,0.0,0.0,0.0,0.0,0.0,0.0,0.0,0.0,0.0,0.0,0.0,0.0,0.0
3,20.2,0.0,0.0,1.4,0.0,0.0,1.2,0.0,0.0,0.20000000000000004,0.0,0.0,0.0,0.0,0.0,0.20000000000000004,0.20000000000000004,0.0,0.20000000000000004,0.20000000000000004
0,20.4,19.0,1.5999999999999999,0.0,19.0,1.4,0.0,0.0,0.20000000000000004,0.0,0.0,0.0,0.0,0.0,0.20000000000000004,0.0,0.20000000000000004,0.0,0.20000000000000004,0.20000000000000004
1,20.4,19.0,17.400000000000002,0.0,19.0,17.6,0.0,0.0,-0.20000000000000048,0.0,0.0,0.0,0.0,0.0,-0.20000000000000048,0.0,0.20000000000000048,0.0,0.20000000000000048,0.20000000000000048
2,20.4,10.0,10.0,19.0,10.0,10.0,19.0,0.0,0.0,0.0,0.0,0.0,0.0,0.0,0.0,0.0,0.0,0.0,0.0,0.0
3,20.4,0.0,0.0,1.5999999999999999,0.0,0.0,1.4,0.0,0.0,0.20000000000000004,0.0,0.0,0.0,0.0,0.0,0.20000000000000004,0.20000000000000004,0.0,0.20000000000000004,0.20000000000000004
0,20.6,19.0,1.8,0.0,19.0,1.6,0.0,0.0,0.20000000000000004,0.0,0.0,0.0,0.0,0.0,0.20000000000000004,0.0,0.20000000000000004,0.0,0.20000000000000004,0.20000000000000004
1,20.6,19.0,17.2,0.0,19.0,17.4,0.0,0.0,-0.1999999999999993,0.0,0.0,0.0,0.0,0.0,-0.1999999999999993,0.0,0.1999999999999993,0.0,0.1999999999999993,0.1999999999999993
2,20.6,10.0,10.0,19.0,10.0,10.0,19.0,0.0,0.0,0.0,0.0,0.0,0.0,0.0,0.0,0.0,0.0,0.0,0.0,0.0
3,20.6,0.0,0.0,1.8,0.0,0.0,1.6,0.0,0.0,0.20000000000000004,0.0,0.0,0.0,0.0,0.0,0.20000000000000004,0.20000000000000004,0.0,0.20000000000000004,0.20000000000000004
0,20.8,19.0,2.0,0.0,19.0,1.8,0.0,0.0,0.19999999999999996,0.0,0.0,0.0,0.0,0.0,0.19999999999999996,0.0,0.19999999999999996,0.0,0.19999999999999996,0.19999999999999996
1,20.8,19.0,17.0,0.0,19.0,17.2,0.0,0.0,-0.1999999999999993,0.0,0.0,0.0,0.0,0.0,-0.1999999999999993,0.0,0.1999999999999993,0.0,0.1999999999999993,0.1999999999999993
2,20.8,10.0,10.0,19.0,10.0,10.0,19.0,0.0,0.0,0.0,0.0,0.0,0.0,0.0,0.0,0.0,0.0,0.0,0.0,0.0
3,20.8,0.0,0.0,2.0,0.0,0.0,1.8,0.0,0.0,0.19999999999999996,0.0,0.0,0.0,0.0,0.0,0.19999999999999996,0.19999999999999996,0.0,0.19999999999999996,0.19999999999999996
0,21.0,19.0,2.2,0.0,19.0,2.0,0.0,0.0,0.20000000000000004,0.0,0.0,0.0,0.0,0.0,0.20000000000000004,0.0,0.20000000000000004,0.0,0.20000000000000004,0.20000000000000004
1,21.0,19.0,16.8,0.0,19.0,17.0,0.0,0.0,-0.20000000000000048,0.0,0.0,0.0,0.0,0.0,-0.20000000000000048,0.0,0.20000000000000048,0.0,0.20000000000000048,0.20000000000000048
2,21.0,10.0,10.0,19.0,10.0,10.0,19.0,0.0,0.0,0.0,0.0,0.0,0.0,0.0,0.0,0.0,0.0,0.0,0.0,0.0
3,21.0,0.0,0.0,2.2,0.0,0.0,2.0,0.0,0.0,0.20000000000000004,0.0,0.0,0.0,0.0,0.0,0.20000000000000004,0.20000000000000004,0.0,0.20000000000000004,0.20000000000000004
0,21.2,19.0,2.4,0.0,19.0,2.2,0.0,0.0,0.19999999999999987,0.0,0.0,0.0,0.0,0.0,0.19999999999999987,0.0,0.19999999999999987,0.0,0.19999999999999987,0.19999999999999987
1,21.2,19.0,16.6,0.0,19.0,16.8,0.0,0.0,-0.20000000000000048,0.0,0.0,0.0,0.0,0.0,-0.20000000000000048,0.0,0.20000000000000048,0.0,0.20000000000000048,0.20000000000000048
2,21.2,10.0,10.0,19.0,10.0,10.0,19.0,0.0,0.0,0.0,0.0,0.0,0.0,0.0,0.0,0.0,0.0,0.0,0.0,0.0
3,21.2,0.0,0.0,2.4,0.0,0.0,2.2,0.0,0.0,0.19999999999999987,0.0,0.0,0.0,0.0,0.0,0.19999999999999987,0.19999999999999987,0.0,0.19999999999999987,0.19999999999999987
0,21.4,19.0,2.6,0.0,19.0,2.4,0.0,0.0,0.20000000000000004,0.0,0.0,0.0,0.0,0.0,0.20000000000000004,0.0,0.20000000000000004,0.0,0.20000000000000004,0.20000000000000004
1,21.4,19.0,16.400000000000002,0.0,19.0,16.6,0.0,0.0,-0.20000000000000048,0.0,0.0,0.0,0.0,0.0,-0.20000000000000048,0.0,0.20000000000000048,0.0,0.20000000000000048,0.20000000000000048
2,21.4,10.0,10.0,19.0,10.0,10.0,19.0,0.0,0.0,0.0,0.0,0.0,0.0,0.0,0.0,0.0,0.0,0.0,0.0,0.0
3,21.4,0.0,0.0,2.6,0.0,0.0,2.4,0.0,0.0,0.20000000000000004,0.0,0.0,0.0,0.0,0.0,0.20000000000000004,0.20000000000000004,0.0,0.20000000000000004,0.20000000000000004
0,21.6,19.0,2.8000000000000003,0.0,19.0,2.6,0.0,0.0,0.20000000000000004,0.0,0.0,0.0,0.0,0.0,0.20000000000000004,0.0,0.20000000000000004,0.0,0.20000000000000004,0.20000000000000004
1,21.6,19.0,16.2,0.0,19.0,16.4,0.0,0.0,-0.1999999999999993,0.0,0.0,0.0,0.0,0.0,-0.1999999999999993,0.0,0.1999999999999993,0.0,0.1999999999999993,0.1999999999999993
2,21.6,10.0,10.0,19.0,10.0,10.0,19.0,0.0,0.0,0.0,0.0,0.0,0.0,0.0,0.0,0.0,0.0,0.0,0.0,0.0
3,21.6,0.0,0.0,2.8000000000000003,0.0,0.0,2.6,0.0,0.0,0.20000000000000004,0.0,0.0,0.0,0.0,0.0,0.20000000000000004,0.20000000000000004,0.0,0.20000000000000004,0.20000000000000004
0,21.8,19.0,3.0,0.0,19.0,2.8,0.0,0.0,0.20000000000000004,0.0,0.0,0.0,0.0,0.0,0.20000000000000004,0.0,0.20000000000000004,0.0,0.20000000000000004,0.20000000000000004
1,21.8,19.0,16.0,0.0,19.0,16.2,0.0,0.0,-0.19999999999999987,0.0,0.0,0.0,0.0,0.0,-0.19999999999999987,0.0,0.19999999999999987,0.0,0.19999999999999987,0.19999999999999987
2,21.8,10.0,10.0,19.0,10.0,10.0,19.0,0.0,0.0,0.0,0.0,0.0,0.0,0.0,0.0,0.0,0.0,0.0,0.0,0.0
3,21.8,0.0,0.0,3.0,0.0,0.0,2.8,0.0,0.0,0.20000000000000004,0.0,0.0,0.0,0.0,0.0,0.20000000000000004,0.20000000000000004,0.0,0.20000000000000004,0.20000000000000004
0,22.0,19.0,3.2,0.0,19.0,3.0,0.0,0.0,0.20000000000000004,0.0,0.0,0.0,0.0,0.0,0.20000000000000004,0.0,0.20000000000000004,0.0,0.20000000000000004,0.20000000000000004
1,22.0,19.0,15.8,0.0,19.0,16.0,0.0,0.0,-0.19999999999999987,0.0,0.0,0.0,0.0,0.0,-0.19999999999999987,0.0,0.19999999999999987,0.0,0.19999999999999987,0.19999999999999987
2,22.0,10.0,10.0,19.0,10.0,10.0,19.0,0.0,0.0,0.0,0.0,0.0,0.0,0.0,0.0,0.0,0.0,0.0,0.0,0.0
3,22.0,0.0,0.0,3.2,0.0,0.0,3.0,0.0,0.0,0.20000000000000004,0.0,0.0,0.0,0.0,0.0,0.20000000000000004,0.20000000000000004,0.0,0.20000000000000004,0.20000000000000004
0,22.2,19.0,3.4,0.0,19.0,3.2,0.0,0.0,0.19999999999999987,0.0,0.0,0.0,0.0,0.0,0.19999999999999987,0.0,0.19999999999999987,0.0,0.19999999999999987,0.19999999999999987
1,22.2,19.0,15.6,0.0,19.0,15.8,0.0,0.0,-0.20000000000000048,0.0,0.0,0.0,0.0,0.0,-0.20000000000000048,0.0,0.20000000000000048,0.0,0.20000000000000048,0.20000000000000048
2,22.2,10.0,10.0,19.0,10.0,10.0,19.0,0.0,0.0,0.0,0.0,0.0,0.0,0.0,0.0,0.0,0.0,0.0,0.0,0.0
3,22.2,0.0,0.0,3.4,0.0,0.0,3.2,0.0,0.0,0.19999999999999987,0.0,0.0,0.0,0.0,0.0,0.19999999999999987,0.19999999999999987,0.0,0.19999999999999987,0.19999999999999987
0,22.4,19.0,3.6,0.0,19.0,3.4,0.0,0.0,0.20000000000000004,0.0,0.0,0.0,0.0,0.0,0.20000000000000004,0.0,0.20000000000000004,0.0,0.20000000000000004,0.20000000000000004
1,22.4,19.0,15.4,0.0,19.0,15.6,0.0,0.0,-0.19999999999999987,0.0,0.0,0.0,0.0,0.0,-0.19999999999999987,0.0,0.19999999999999987,0.0,0.19999999999999987,0.19999999999999987
2,22.4,10.0,10.0,19.0,10.0,10.0,19.0,0.0,0.0,0.0,0.0,0.0,0.0,0.0,0.0,0.0,0.0,0.0,0.0,0.0
3,22.4,0.0,0.0,3.6,0.0,0.0,3.4,0.0,0.0,0.20000000000000004,0.0,0.0,0.0,0.0,0.0,0.20000000000000004,0.20000000000000004,0.0,0.20000000000000004,0.20000000000000004
0,22.6,19.0,3.8000000000000003,0.0,19.0,3.6,0.0,0.0,0.20000000000000004,0.0,0.0,0.0,0.0,0.0,0.20000000000000004,0.0,0.20000000000000004,0.0,0.20000000000000004,0.20000000000000004
1,22.6,19.0,15.200000000000001,0.0,19.0,15.4,0.0,0.0,-0.19999999999999987,0.0,0.0,0.0,0.0,0.0,-0.19999999999999987,0.0,0.19999999999999987,0.0,0.19999999999999987,0.19999999999999987
2,22.6,10.0,10.0,19.0,10.0,10.0,19.0,0.0,0.0,0.0,0.0,0.0,0.0,0.0,0.0,0.0,0.0,0.0,0.0,0.0
3,22.6,0.0,0.0,3.8000000000000003,0.0,0.0,3.6,0.0,0.0,0.20000000000000004,0.0,0.0,0.0,0.0,0.0,0.20000000000000004,0.20000000000000004,0.0,0.20000000000000004,0.20000000000000004
0,22.8,19.0,4.0,0.0,19.0,3.8,0.0,0.0,0.20000000000000018,0.0,0.0,0.0,0.0,0.0,0.20000000000000018,0.0,0.20000000000000018,0.0,0.20000000000000018,0.20000000000000018
1,22.8,19.0,15.0,0.0,19.0,15.2,0.0,0.0,-0.19999999999999987,0.0,0.0,0.0,0.0,0.0,-0.19999999999999987,0.0,0.19999999999999987,0.0,0.19999999999999987,0.19999999999999987
2,22.8,10.0,10.0,19.0,10.0,10.0,19.0,0.0,0.0,0.0,0.0,0.0,0.0,0.0,0.0,0.0,0.0,0.0,0.0,0.0
3,22.8,0.0,0.0,4.0,0.0,0.0,3.8,0.0,0.0,0.20000000000000018,0.0,0.0,0.0,0.0,0.0,0.20000000000000018,0.20000000000000018,0.0,0.20000000000000018,0.20000000000000018
0,23.0,19.0,4.2,0.0,19.0,4.0,0.0,0.0,0.19999999999999987,0.0,0.0,0.0,0.0,0.0,0.19999999999999987,0.0,0.19999999999999987,0.0,0.19999999999999987,0.19999999999999987
1,23.0,19.0,14.8,0.0,19.0,15.0,0.0,0.0,-0.19999999999999987,0.0,0.0,0.0,0.0,0.0,-0.19999999999999987,0.0,0.19999999999999987,0.0,0.19999999999999987,0.19999999999999987
2,23.0,10.0,10.0,19.0,10.0,10.0,19.0,0.0,0.0,0.0,0.0,0.0,0.0,0.0,0.0,0.0,0.0,0.0,0.0,0.0
3,23.0,0.0,0.0,4.2,0.0,0.0,4.0,0.0,0.0,0.19999999999999987,0.0,0.0,0.0,0.0,0.0,0.19999999999999987,0.19999999999999987,0.0,0.19999999999999987,0.19999999999999987
0,23.2,19.0,4.4,0.0,19.0,4.2,0.0,0.0,0.19999999999999987,0.0,0.0,0.0,0.0,0.0,0.19999999999999987,0.0,0.19999999999999987,0.0,0.19999999999999987,0.19999999999999987
1,23.2,19.0,14.6,0.0,19.0,14.8,0.0,0.0,-0.20000000000000048,0.0,0.0,0.0,0.0,0.0,-0.20000000000000048,0.0,0.20000000000000048,0.0,0.20000000000000048,0.20000000000000048
2,23.2,10.0,10.0,19.0,10.0,10.0,19.0,0.0,0.0,0.0,0.0,0.0,0.0,0.0,0.0,0.0,0.0,0.0,0.0,0.0
3,23.2,0.0,0.0,4.4,0.0,0.0,4.2,0.0,0.0,0.19999999999999987,0.0,0.0,0.0,0.0,0.0,0.19999999999999987,0.19999999999999987,0.0,0.19999999999999987,0.19999999999999987
0,23.4,19.0,4.6000000000000005,0.0,19.0,4.4,0.0,0.0,0.19999999999999987,0.0,0.0,0.0,0.0,0.0,0.19999999999999987,0.0,0.19999999999999987,0.0,0.19999999999999987,0.19999999999999987
1,23.4,19.0,14.4,0.0,19.0,14.6,0.0,0.0,-0.19999999999999987,0.0,0.0,0.0,0.0,0.0,-0.19999999999999987,0.0,0.19999999999999987,0.0,0.19999999999999987,0.19999999999999987
2,23.4,10.0,10.0,19.0,10.0,10.0,19.0,0.0,0.0,0.0,0.0,0.0,0.0,0.0,0.0,0.0,0.0,0.0,0.0,0.0
3,23.4,0.0,0.0,4.6000000000000005,0.0,0.0,4.4,0.0,0.0,0.19999999999999987,0.0,0.0,0.0,0.0,0.0,0.19999999999999987,0.19999999999999987,0.0,0.19999999999999987,0.19999999999999987
0,23.6,19.0,4.8,0.0,19.0,4.6,0.0,0.0,0.20000000000000018,0.0,0.0,0.0,0.0,0.0,0.20000000000000018,0.0,0.20000000000000018,0.0,0.20000000000000018,0.20000000000000018
1,23.6,19.0,14.200000000000001,0.0,19.0,14.4,0.0,0.0,-0.19999999999999987,0.0,0.0,0.0,0.0,0.0,-0.19999999999999987,0.0,0.19999999999999987,0.0,0.19999999999999987,0.19999999999999987
2,23.6,10.0,10.0,19.0,10.0,10.0,19.0,0.0,0.0,0.0,0.0,0.0,0.0,0.0,0.0,0.0,0.0,0.0,0.0,0.0
3,23.6,0.0,0.0,4.8,0.0,0.0,4.6,0.0,0.0,0.20000000000000018,0.0,0.0,0.0,0.0,0.0,0.20000000000000018,0.20000000000000018,0.0,0.20000000000000018,0.20000000000000018
0,23.8,19.0,5.0,0.0,19.0,4.8,0.0,0.0,0.20000000000000018,0.0,0.0,0.0,0.0,0.0,0.20000000000000018,0.0,0.20000000000000018,0.0,0.20000000000000018,0.20000000000000018
1,23.8,19.0,14.0,0.0,19.0,14.2,0.0,0.0,-0.19999999999999987,0.0,0.0,0.0,0.0,0.0,-0.19999999999999987,0.0,0.19999999999999987,0.0,0.19999999999999987,0.19999999999999987
2,23.8,10.0,10.0,19.0,10.0,10.0,19.0,0.0,0.0,0.0,0.0,0.0,0.0,0.0,0.0,0.0,0.0,0.0,0.0,0.0
3,23.8,0.0,0.0,5.0,0.0,0.0,4.8,0.0,0.0,0.20000000000000018,0.0,0.0,0.0,0.0,0.0,0.20000000000000018,0.20000000000000018,0.0,0.20000000000000018,0.20000000000000018
0,24.0,19.0,5.2,0.0,19.0,5.0,0.0,0.0,0.19999999999999987,0.0,0.0,0.0,0.0,0.0,0.19999999999999987,0.0,0.19999999999999987,0.0,0.19999999999999987,0.19999999999999987
1,24.0,19.0,13.8,0.0,19.0,14.0,0.0,0.0,-0.19999999999999987,0.0,0.0,0.0,0.0,0.0,-0.19999999999999987,0.0,0.19999999999999987,0.0,0.19999999999999987,0.19999999999999987
2,24.0,10.0,10.0,19.0,10.0,10.0,19.0,0.0,0.0,0.0,0.0,0.0,0.0,0.0,0.0,0.0,0.0,0.0,0.0,0.0
3,24.0,0.0,0.0,5.2,0.0,0.0,5.0,0.0,0.0,0.19999999999999987,0.0,0.0,0.0,0.0,0.0,0.19999999999999987,0.19999999999999987,0.0,0.19999999999999987,0.19999999999999987
0,24.2,19.0,5.4,0.0,19.0,5.2,0.0,0.0,0.19999999999999987,0.0,0.0,0.0,0.0,0.0,0.19999999999999987,0.0,0.19999999999999987,0.0,0.19999999999999987,0.19999999999999987
1,24.2,19.0,13.6,0.0,19.0,13.8,0.0,0.0,-0.20000000000000048,0.0,0.0,0.0,0.0,0.0,-0.20000000000000048,0.0,0.20000000000000048,0.0,0.20000000000000048,0.20000000000000048
2,24.2,10.0,10.0,19.0,10.0,10.0,19.0,0.0,0.0,0.0,0.0,0.0,0.0,0.0,0.0,0.0,0.0,0.0,0.0,0.0
3,24.2,0.0,0.0,5.4,0.0,0.0,5.2,0.0,0.0,0.19999999999999987,0.0,0.0,0.0,0.0,0.0,0.19999999999999987,0.19999999999999987,0.0,0.19999999999999987,0.19999999999999987
0,24.4,19.0,5.6000000000000005,0.0,19.0,5.4,0.0,0.0,0.19999999999999987,0.0,0.0,0.0,0.0,0.0,0.19999999999999987,0.0,0.19999999999999987,0.0,0.19999999999999987,0.19999999999999987
1,24.4,19.0,13.4,0.0,19.0,13.6,0.0,0.0,-0.19999999999999987,0.0,0.0,0.0,0.0,0.0,-0.19999999999999987,0.0,0.19999999999999987,0.0,0.19999999999999987,0.19999999999999987
2,24.4,10.0,10.0,19.0,10.0,10.0,19.0,0.0,0.0,0.0,0.0,0.0,0.0,0.0,0.0,0.0,0.0,0.0,0.0,0.0
3,24.4,0.0,0.0,5.6000000000000005,0.0,0.0,5.4,0.0,0.0,0.19999999999999987,0.0,0.0,0.0,0.0,0.0,0.19999999999999987,0.19999999999999987,0.0,0.19999999999999987,0.19999999999999987
0,24.6,19.0,5.8,0.0,19.0,5.6,0.0,0.0,0.20000000000000018,0.0,0.0,0.0,0.0,0.0,0.20000000000000018,0.0,0.20000000000000018,0.0,0.20000000000000018,0.20000000000000018
1,24.6,19.0,13.200000000000001,0.0,19.0,13.4,0.0,0.0,-0.19999999999999987,0.0,0.0,0.0,0.0,0.0,-0.19999999999999987,0.0,0.19999999999999987,0.0,0.19999999999999987,0.19999999999999987
2,24.6,10.0,10.0,19.0,10.0,10.0,19.0,0.0,0.0,0.0,0.0,0.0,0.0,0.0,0.0,0.0,0.0,0.0,0.0,0.0
3,24.6,0.0,0.0,5.8,0.0,0.0,5.6,0.0,0.0,0.20000000000000018,0.0,0.0,0.0,0.0,0.0,0.20000000000000018,0.20000000000000018,0.0,0.20000000000000018,0.20000000000000018
0,24.8,19.0,6.0,0.0,19.0,5.8,0.0,0.0,0.20000000000000018,0.0,0.0,0.0,0.0,0.0,0.20000000000000018,0.0,0.20000000000000018,0.0,0.20000000000000018,0.20000000000000018
1,24.8,19.0,13.0,0.0,19.0,13.2,0.0,0.0,-0.19999999999999987,0.0,0.0,0.0,0.0,0.0,-0.19999999999999987,0.0,0.19999999999999987,0.0,0.19999999999999987,0.19999999999999987
2,24.8,10.0,10.0,19.0,10.0,10.0,19.0,0.0,0.0,0.0,0.0,0.0,0.0,0.0,0.0,0.0,0.0,0.0,0.0,0.0
3,24.8,0.0,0.0,6.0,0.0,0.0,5.8,0.0,0.0,0.20000000000000018,0.0,0.0,0.0,0.0,0.0,0.20000000000000018,0.20000000000000018,0.0,0.20000000000000018,0.20000000000000018
0,25.0,19.0,6.2,0.0,19.0,6.0,0.0,0.0,0.19999999999999987,0.0,0.0,0.0,0.0,0.0,0.19999999999999987,0.0,0.19999999999999987,0.0,0.19999999999999987,0.19999999999999987
1,25.0,19.0,12.8,0.0,19.0,13.0,0.0,0.0,-0.19999999999999987,0.0,0.0,0.0,0.0,0.0,-0.19999999999999987,0.0,0.19999999999999987,0.0,0.19999999999999987,0.19999999999999987
2,25.0,10.0,10.0,19.0,10.0,10.0,19.0,0.0,0.0,0.0,0.0,0.0,0.0,0.0,0.0,0.0,0.0,0.0,0.0,0.0
3,25.0,0.0,0.0,6.2,0.0,0.0,6.0,0.0,0.0,0.19999999999999987,0.0,0.0,0.0,0.0,0.0,0.19999999999999987,0.19999999999999987,0.0,0.19999999999999987,0.19999999999999987
0,25.2,19.0,6.4,0.0,19.0,6.2,0.0,0.0,0.19999999999999987,0.0,0.0,0.0,0.0,0.0,0.19999999999999987,0.0,0.19999999999999987,0.0,0.19999999999999987,0.19999999999999987
1,25.2,19.0,12.6,0.0,19.0,12.8,0.0,0.0,-0.20000000000000048,0.0,0.0,0.0,0.0,0.0,-0.20000000000000048,0.0,0.20000000000000048,0.0,0.20000000000000048,0.20000000000000048
2,25.2,10.0,10.0,19.0,10.0,10.0,19.0,0.0,0.0,0.0,0.0,0.0,0.0,0.0,0.0,0.0,0.0,0.0,0.0,0.0
3,25.2,0.0,0.0,6.4,0.0,0.0,6.2,0.0,0.0,0.19999999999999987,0.0,0.0,0.0,0.0,0.0,0.19999999999999987,0.19999999999999987,0.0,0.19999999999999987,0.19999999999999987
0,25.4,19.0,6.6000000000000005,0.0,19.0,6.4,0.0,0.0,0.19999999999999987,0.0,0.0,0.0,0.0,0.0,0.19999999999999987,0.0,0.19999999999999987,0.0,0.19999999999999987,0.19999999999999987
1,25.4,19.0,12.4,0.0,19.0,12.6,0.0,0.0,-0.19999999999999987,0.0,0.0,0.0,0.0,0.0,-0.19999999999999987,0.0,0.19999999999999987,0.0,0.19999999999999987,0.19999999999999987
2,25.4,10.0,10.0,19.0,10.0,10.0,19.0,0.0,0.0,0.0,0.0,0.0,0.0,0.0,0.0,0.0,0.0,0.0,0.0,0.0
3,25.4,0.0,0.0,6.6000000000000005,0.0,0.0,6.4,0.0,0.0,0.19999999999999987,0.0,0.0,0.0,0.0,0.0,0.19999999999999987,0.19999999999999987,0.0,0.19999999999999987,0.19999999999999987
0,25.6,19.0,6.8,0.0,19.0,6.6,0.0,0.0,0.20000000000000018,0.0,0.0,0.0,0.0,0.0,0.20000000000000018,0.0,0.20000000000000018,0.0,0.20000000000000018,0.20000000000000018
1,25.6,19.0,12.200000000000001,0.0,19.0,12.4,0.0,0.0,-0.19999999999999987,0.0,0.0,0.0,0.0,0.0,-0.19999999999999987,0.0,0.19999999999999987,0.0,0.19999999999999987,0.19999999999999987
2,25.6,10.0,10.0,19.0,10.0,10.0,19.0,0.0,0.0,0.0,0.0,0.0,0.0,0.0,0.0,0.0,0.0,0.0,0.0,0.0
3,25.6,0.0,0.0,6.8,0.0,0.0,6.6,0.0,0.0,0.20000000000000018,0.0,0.0,0.0,0.0,0.0,0.20000000000000018,0.20000000000000018,0.0,0.20000000000000018,0.20000000000000018
0,25.8,19.0,7.0,0.0,19.0,6.8,0.0,0.0,0.20000000000000018,0.0,0.0,0.0,0.0,0.0,0.20000000000000018,0.0,0.20000000000000018,0.0,0.20000000000000018,0.20000000000000018
1,25.8,19.0,12.0,0.0,19.0,12.2,0.0,0.0,-0.19999999999999987,0.0,0.0,0.0,0.0,0.0,-0.19999999999999987,0.0,0.19999999999999987,0.0,0.19999999999999987,0.19999999999999987
2,25.8,10.0,10.0,19.0,10.0,10.0,19.0,0.0,0.0,0.0,0.0,0.0,0.0,0.0,0.0,0.0,0.0,0.0,0.0,0.0
3,25.8,0.0,0.0,7.0,0.0,0.0,6.8,0.0,0.0,0.20000000000000018,0.0,0.0,0.0,0.0,0.0,0.20000000000000018,0.20000000000000018,0.0,0.20000000000000018,0.20000000000000018
0,26.0,19.0,7.2,0.0,19.0,7.0,0.0,0.0,0.19999999999999987,0.0,0.0,0.0,0.0,0.0,0.19999999999999987,0.0,0.19999999999999987,0.0,0.19999999999999987,0.19999999999999987
1,26.0,19.0,11.8,0.0,19.0,12.0,0.0,0.0,-0.19999999999999987,0.0,0.0,0.0,0.0,0.0,-0.19999999999999987,0.0,0.19999999999999987,0.0,0.19999999999999987,0.19999999999999987
2,26.0,10.0,10.0,19.0,10.0,10.0,19.0,0.0,0.0,0.0,0.0,0.0,0.0,0.0,0.0,0.0,0.0,0.0,0.0,0.0
3,26.0,0.0,0.0,7.2,0.0,0.0,7.0,0.0,0.0,0.19999999999999987,0.0,0.0,0.0,0.0,0.0,0.19999999999999987,0.19999999999999987,0.0,0.19999999999999987,0.19999999999999987
0,26.2,19.0,7.4,0.0,19.0,7.2,0.0,0.0,0.19999999999999987,0.0,0.0,0.0,0.0,0.0,0.19999999999999987,0.0,0.19999999999999987,0.0,0.19999999999999987,0.19999999999999987
1,26.2,19.0,11.6,0.0,19.0,11.8,0.0,0.0,-0.20000000000000048,0.0,0.0,0.0,0.0,0.0,-0.20000000000000048,0.0,0.20000000000000048,0.0,0.20000000000000048,0.20000000000000048
2,26.2,10.0,10.0,19.0,10.0,10.0,19.0,0.0,0.0,0.0,0.0,0.0,0.0,0.0,0.0,0.0,0.0,0.0,0.0,0.0
3,26.2,0.0,0.0,7.4,0.0,0.0,7.2,0.0,0.0,0.19999999999999987,0.0,0.0,0.0,0.0,0.0,0.19999999999999987,0.19999999999999987,0.0,0.19999999999999987,0.19999999999999987
0,26.4,19.0,7.6000000000000005,0.0,19.0,7.4,0.0,0.0,0.19999999999999987,0.0,0.0,0.0,0.0,0.0,0.19999999999999987,0.0,0.19999999999999987,0.0,0.19999999999999987,0.19999999999999987
1,26.4,19.0,11.4,0.0,19.0,11.6,0.0,0.0,-0.19999999999999987,0.0,0.0,0.0,0.0,0.0,-0.19999999999999987,0.0,0.19999999999999987,0.0,0.19999999999999987,0.19999999999999987
2,26.4,10.0,10.0,19.0,10.0,10.0,19.0,0.0,0.0,0.0,0.0,0.0,0.0,0.0,0.0,0.0,0.0,0.0,0.0,0.0
3,26.4,0.0,0.0,7.6000000000000005,0.0,0.0,7.4,0.0,0.0,0.19999999999999987,0.0,0.0,0.0,0.0,0.0,0.19999999999999987,0.19999999999999987,0.0,0.19999999999999987,0.19999999999999987
0,26.6,19.0,7.8,0.0,19.0,7.6,0.0,0.0,0.19999999999999987,0.0,0.0,0.0,0.0,0.0,0.19999999999999987,0.0,0.19999999999999987,0.0,0.19999999999999987,0.19999999999999987
1,26.6,19.0,11.200000000000001,0.0,19.0,11.4,0.0,0.0,-0.19999999999999987,0.0,0.0,0.0,0.0,0.0,-0.19999999999999987,0.0,0.19999999999999987,0.0,0.19999999999999987,0.19999999999999987
2,26.6,10.0,10.0,19.0,10.0,10.0,19.0,0.0,0.0,0.0,0.0,0.0,0.0,0.0,0.0,0.0,0.0,0.0,0.0,0.0
3,26.6,0.0,0.0,7.8,0.0,0.0,7.6,0.0,0.0,0.19999999999999987,0.0,0.0,0.0,0.0,0.0,0.19999999999999987,0.19999999999999987,0.0,0.19999999999999987,0.19999999999999987
0,26.8,19.0,8.0,0.0,19.0,7.8,0.0,0.0,0.20000000000000018,0.0,0.0,0.0,0.0,0.0,0.20000000000000018,0.0,0.20000000000000018,0.0,0.20000000000000018,0.20000000000000018
1,26.8,19.0,11.0,0.0,19.0,11.2,0.0,0.0,-0.19999999999999987,0.0,0.0,0.0,0.0,0.0,-0.19999999999999987,0.0,0.19999999999999987,0.0,0.19999999999999987,0.19999999999999987
2,26.8,10.0,10.0,19.0,10.0,10.0,19.0,0.0,0.0,0.0,0.0,0.0,0.0,0.0,0.0,0.0,0.0,0.0,0.0,0.0
3,26.8,0.0,0.0,8.0,0.0,0.0,7.8,0.0,0.0,0.20000000000000018,0.0,0.0,0.0,0.0,0.0,0.20000000000000018,0.20000000000000018,0.0,0.20000000000000018,0.20000000000000018
0,27.0,19.0,8.2,0.0,19.0,8.0,0.0,0.0,0.19999999999999987,0.0,0.0,0.0,0.0,0.0,0.19999999999999987,0.0,0.19999999999999987,0.0,0.19999999999999987,0.19999999999999987
1,27.0,19.0,10.8,0.0,19.0,11.0,0.0,0.0,-0.19999999999999987,0.0,0.0,0.0,0.0,0.0,-0.19999999999999987,0.0,0.19999999999999987,0.0,0.19999999999999987,0.19999999999999987
2,27.0,10.0,10.0,19.0,10.0,10.0,19.0,0.0,0.0,0.0,0.0,0.0,0.0,0.0,0.0,0.0,0.0,0.0,0.0,0.0
3,27.0,0.0,0.0,8.2,0.0,0.0,8.0,0.0,0.0,0.19999999999999987,0.0,0.0,0.0,0.0,0.0,0.19999999999999987,0.19999999999999987,0.0,0.19999999999999987,0.19999999999999987
0,27.2,19.0,8.4,0.0,19.0,8.2,0.0,0.0,0.20000000000000048,0.0,0.0,0.0,0.0,0.0,0.20000000000000048,0.0,0.20000000000000048,0.0,0.20000000000000048,0.20000000000000048
1,27.2,19.0,10.6,0.0,19.0,10.8,0.0,0.0,-0.20000000000000048,0.0,0.0,0.0,0.0,0.0,-0.20000000000000048,0.0,0.20000000000000048,0.0,0.20000000000000048,0.20000000000000048
2,27.2,10.0,10.0,19.0,10.0,10.0,19.0,0.0,0.0,0.0,0.0,0.0,0.0,0.0,0.0,0.0,0.0,0.0,0.0,0.0
3,27.2,0.0,0.0,8.4,0.0,0.0,8.2,0.0,0.0,0.20000000000000048,0.0,0.0,0.0,0.0,0.0,0.20000000000000048,0.20000000000000048,0.0,0.20000000000000048,0.20000000000000048
0,27.4,19.0,8.6,0.0,19.0,8.4,0.0,0.0,0.19999999999999987,0.0,0.0,0.0,0.0,0.0,0.19999999999999987,0.0,0.19999999999999987,0.0,0.19999999999999987,0.19999999999999987
1,27.4,19.0,10.4,0.0,19.0,10.6,0.0,0.0,-0.19999999999999987,0.0,0.0,0.0,0.0,0.0,-0.19999999999999987,0.0,0.19999999999999987,0.0,0.19999999999999987,0.19999999999999987
2,27.4,10.0,10.0,19.0,10.0,10.0,19.0,0.0,0.0,0.0,0.0,0.0,0.0,0.0,0.0,0.0,0.0,0.0,0.0,0.0
3,27.4,0.0,0.0,8.6,0.0,0.0,8.4,0.0,0.0,0.19999999999999987,0.0,0.0,0.0,0.0,0.0,0.19999999999999987,0.19999999999999987,0.0,0.19999999999999987,0.19999999999999987
0,27.6,19.0,8.733333333333333,0.06666666666666668,19.0,8.6,0.0,0.0,0.13333333333333347,0.06666666666666668,0.0,0.0,0.0,0.0,0.13333333333333347,0.06666666666666668,0.14907119849998612,0.0,0.14907119849998612,0.14907119849998612
1,27.6,19.0,10.200000000000001,0.0,19.0,10.4,0.0,0.0,-0.19999999999999987,0.0,0.0,0.0,0.0,0.0,-0.19999999999999987,0.0,0.19999999999999987,0.0,0.19999999999999987,0.19999999999999987
2,27.6,10.0,10.0,19.0,10.0,10.0,19.0,0.0,0.0,0.0,0.0,0.0,0.0,0.0,0.0,0.0,0.0,0.0,0.0,0.0
3,27.6,0.0,0.0,8.799999999999999,0.0,0.0,8.6,0.0,0.0,0.19999999999999987,0.0,0.0,0.0,0.0,0.0,0.19999999999999987,0.19999999999999987,0.0,0.19999999999999987,0.19999999999999987
0,27.8,19.0,8.866666666666667,0.13333333333333333,19.0,8.8,0.0,0.0,0.06666666666666643,0.13333333333333333,0.0,0.0,0.0,0.0,0.06666666666666643,0.13333333333333333,0.14907119849998587,0.0,0.14907119849998587,0.14907119849998587
1,27.8,19.0,10.0,0.0,19.0,10.2,0.0,0.0,-0.19999999999999987,0.0,0.0,0.0,0.0,0.0,-0.19999999999999987,0.0,0.19999999999999987,0.0,0.19999999999999987,0.19999999999999987
2,27.8,10.0,10.0,19.0,10.0,10.0,19.0,0.0,0.0,0.0,0.0,0.0,0.0,0.0,0.0,0.0,0.0,0.0,0.0,0.0
3,27.8,0.0,0.0,9.0,0.0,0.0,8.8,0.0,0.0,0.19999999999999987,0.0,0.0,0.0,0.0,0.0,0.19999999999999987,0.19999999999999987,0.0,0.19999999999999987,0.19999999999999987
0,28.0,19.0,8.818181818181818,0.19999999999999998,19.0,9.0,0.0,0.0,0.0,0.19999999999999998,0.0,-0.18181818181818196,0.0,0.0,-0.18181818181818196,0.19999999999999998,0.19999999999999998,0.18181818181818196,0.2702921590421547,0.2702921590421547
1,28.0,19.0,9.981818181818182,0.0,19.0,10.0,0.0,0.0,-0.19999999999999987,0.0,0.0,0.18181818181818196,0.0,0.0,-0.01818181818181791,0.0,0.19999999999999987,0.18181818181818196,0.01818181818181791,0.01818181818181791
2,28.0,10.0,10.0,19.0,10.0,10.0,19.0,0.0,0.0,0.0,0.0,0.0,0.0,0.0,0.0,0.0,0.0,0.0,0.0,0.0
3,28.0,0.0,0.0,9.2,0.0,0.0,9.0,0.0,0.0,0.19999999999999987,0.0,0.0,0.0,0.0,0.0,0.19999999999999987,0.19999999999999987,0.0,0.19999999999999987,0.19999999999999987
0,28.2,19.0,8.514260454254792,0.521434886436302,19.0,9.0,0.2,0.0,0.0,0.20000000000000004,0.0,-0.48573954574520817,0.12143488643630193,0.0,-0.48573954574520817,0.32143488643630197,0.20000000000000004,0.5006888634117587,0.5824631254586675,0.5824631254586675
1,28.2,19.0,10.08573954574521,-0.12143488643630193,19.0,9.8,0.0,0.0,-0.20000000000000048,0.0,0.0,0.48573954574520817,-0.12143488643630193,0.0,0.28573954574520766,-0.12143488643630193,0.20000000000000048,0.5006888634117587,0.3104730578431487,0.3104730578431487
2,28.2,10.0,10.0,19.0,10.0,10.0,19.0,0.0,0.0,0.0,0.0,0.0,0.0,0.0,0.0,0.0,0.0,0.0,0.0,0.0
3,28.2,0.0,0.0,9.4,0.0,0.0,9.2,0.0,0.0,0.20000000000000048,0.0,0.0,0.0,0.0,0.0,0.20000000000000048,0.20000000000000048,0.0,0.20000000000000048,0.20000000000000048
0,28.4,19.0,8.426808502233403,0.9821276651777314,19.0,9.0,0.4,0.0,0.0,0.19999999999999998,0.0,-0.5731914977665968,0.38212766517773145,0.0,-0.5731914977665968,0.5821276651777314,0.19999999999999998,0.6888904452858227,0.8169584516223524,0.8169584516223524
1,28.4,19.0,9.973191497766596,-0.38212766517773145,19.0,9.6,0.0,0.0,-0.19999999999999987,0.0,0.0,0.5731914977665968,-0.38212766517773145,0.0,0.373191497766597,-0.38212766517773145,0.19999999999999987,0.6888904452858227,0.5341286797200282,0.5341286797200282
2,28.4,10.0,10.0,19.0,10.0,10.0,19.0,0.0,0.0,0.0,0.0,0.0,0.0,0.0,0.0,0.0,0.0,0.0,0.0,0.0
3,28.4,0.0,0.0,9.6,0.0,0.0,9.4,0.0,0.0,0.19999999999999987,0.0,0.0,0.0,0.0,0.0,0.19999999999999987,0.19999999999999987,0.0,0.19999999999999987,0.19999999999999987
0,28.6,19.0,8.684539001488936,1.3065248310999293,19.0,9.0,0.6,0.0,0.06666666666666643,0.13333333333333333,0.0,-0.3821276651777311,0.5731914977665962,0.0,-0.3154609985110647,0.7065248310999295,0.14907119849998587,0.6888904452858219,0.7737525305563671,0.7737525305563671
1,28.6,19.0,9.582127665177731,-0.5731914977665962,19.0,9.4,0.0,0.0,-0.19999999999999987,0.0,0.0,0.3821276651777311,-0.5731914977665962,0.0,0.18212766517773124,-0.5731914977665962,0.19999999999999987,0.6888904452858219,0.6014307770101274,0.6014307770101274
2,28.6,10.0,10.0,19.0,10.0,10.0,19.0,0.0,0.0,0.0,0.0,0.0,0.0,0.0,0.0,0.0,0.0,0.0,0.0,0.0
3,28.6,0.0,0.0,9.799999999999999,0.0,0.0,9.6,0.0,0.0,0.19999999999999987,0.0,0.0,0.0,0.0,0.0,0.19999999999999987,0.19999999999999987,0.0,0.19999999999999987,0.19999999999999987
0,28.8,19.0,9.011898446897032,1.3524062124118763,19.0,9.0,0.8,0.0,0.13333333333333347,0.06666666666666665,0.0,-0.12143488643630197,0.48573954574520967,0.0,0.011898446897031498,0.5524062124118763,0.1490711984999861,0.5006888634117601,0.5525343397018836,0.5525343397018836
1,28.8,19.0,9.121434886436301,-0.48573954574520967,19.0,9.2,0.0,0.0,-0.19999999999999987,0.0,0.0,0.12143488643630197,-0.48573954574520967,0.0,-0.0785651135636979,-0.48573954574520967,0.19999999999999987,0.5006888634117601,0.49205221610113636,0.49205221610113636
2,28.8,10.0,10.0,19.0,10.0,10.0,19.0,0.0,0.0,0.0,0.0,0.0,0.0,0.0,0.0,0.0,0.0,0.0,0.0,0.0
3,28.8,0.0,0.0,10.0,0.0,0.0,9.8,0.0,0.0,0.19999999999999987,0.0,0.0,0.0,0.0,0.0,0.19999999999999987,0.19999999999999987,0.0,0.19999999999999987,0.19999999999999987
0,29.0,19.0,9.2,1.1818181818181819,19.0,9.0,1.0,0.0,0.19999999999999987,0.0,0.0,0.0,0.18181818181818196,0.0,0.19999999999999987,0.18181818181818196,0.19999999999999987,0.18181818181818196,0.27029215904215464,0.27029215904215464
1,29.0,19.0,8.8,-0.18181818181818196,19.0,9.0,0.0,0.0,-0.19999999999999987,0.0,0.0,0.0,-0.18181818181818196,0.0,-0.19999999999999987,-0.18181818181818196,0.19999999999999987,0.18181818181818196,0.27029215904215464,0.27029215904215464
2,29.0,10.0,10.0,19.0,10.0,10.0,19.0,0.0,0.0,0.0,0.0,0.0,0.0,0.0,0.0,0.0,0.0,0.0,0.0,0.0
3,29.0,0.0,0.0,10.2,0.0,0.0,10.0,0.0,0.0,0.19999999999999987,0.0,0.0,0.0,0.0,0.0,0.19999999999999987,0.19999999999999987,0.0,0.19999999999999987,0.19999999999999987
0,29.2,19.0,9.41550862543548,1.0387715635887014,19.0,9.2,1.0,0.0,0.20000000000000048,0.0,0.0,0.015508625435480528,0.038771563588701465,0.0,0.21550862543548102,0.038771563588701465,0.20000000000000048,0.041758251951090515,0.21896849494893822,0.21896849494893822
1,29.2,19.0,8.58449137456452,-0.038771563588701465,19.0,8.8,0.0,0.0,-0.20000000000000048,0.0,0.0,-0.015508625435480528,-0.038771563588701465,0.0,-0.21550862543548102,-0.038771563588701465,0.20000000000000048,0.041758251951090515,0.21896849494893822,0.21896849494893822
2,29.2,10.0,10.0,19.0,10.0,10.0,19.0,0.0,0.0,0.0,0.0,0.0,0.0,0.0,0.0,0.0,0.0,0.0,0.0,0.0
3,29.2,0.0,0.0,10.4,0.0,0.0,10.2,0.0,0.0,0.20000000000000048,0.0,0.0,0.0,0.0,0.0,0.20000000000000048,0.20000000000000048,0.0,0.20000000000000048,0.20000000000000048
0,29.4,19.0,9.6,1.0,19.0,9.4,1.0,0.0,0.19999999999999987,0.0,0.0,0.0,0.0,0.0,0.19999999999999987,0.0,0.19999999999999987,0.0,0.19999999999999987,0.19999999999999987
1,29.4,19.0,8.4,0.0,19.0,8.6,0.0,0.0,-0.19999999999999987,0.0,0.0,0.0,0.0,0.0,-0.19999999999999987,0.0,0.19999999999999987,0.0,0.19999999999999987,0.19999999999999987
2,29.4,10.0,10.0,19.0,10.0,10.0,19.0,0.0,0.0,0.0,0.0,0.0,0.0,0.0,0.0,0.0,0.0,0.0,0.0,0.0
3,29.4,0.0,0.0,10.6,0.0,0.0,10.4,0.0,0.0,0.19999999999999987,0.0,0.0,0.0,0.0,0.0,0.19999999999999987,0.19999999999999987,0.0,0.19999999999999987,0.19999999999999987
0,29.6,19.0,9.799999999999999,1.0,19.0,9.6,1.0,0.0,0.19999999999999987,0.0,0.0,0.0,0.0,0.0,0.19999999999999987,0.0,0.19999999999999987,0.0,0.19999999999999987,0.19999999999999987
1,29.6,19.0,8.2,0.0,19.0,8.4,0.0,0.0,-0.20000000000000018,0.0,0.0,0.0,0.0,0.0,-0.20000000000000018,0.0,0.20000000000000018,0.0,0.20000000000000018,0.20000000000000018
2,29.6,10.0,10.0,19.0,10.0,10.0,19.0,0.0,0.0,0.0,0.0,0.0,0.0,0.0,0.0,0.0,0.0,0.0,0.0,0.0
3,29.6,0.0,0.0,10.799999999999999,0.0,0.0,10.6,0.0,0.0,0.19999999999999987,0.0,0.0,0.0,0.0,0.0,0.19999999999999987,0.19999999999999987,0.0,0.19999999999999987,0.19999999999999987
0,29.8,19.0,10.0,1.0,19.0,9.8,1.0,0.0,0.19999999999999987,0.0,0.0,0.0,0.0,0.0,0.19999999999999987,0.0,0.19999999999999987,0.0,0.19999999999999987,0.19999999999999987
1,29.8,19.0,7.999999999999999,0.0,19.0,8.2,0.0,0.0,-0.19999999999999987,0.0,0.0,0.0,0.0,0.0,-0.19999999999999987,0.0,0.19999999999999987,0.0,0.19999999999999987,0.19999999999999987
2,29.8,10.0,10.0,19.0,10.0,10.0,19.0,0.0,0.0,0.0,0.0,0.0,0.0,0.0,0.0,0.0,0.0,0.0,0.0,0.0
3,29.8,0.0,0.0,11.0,0.0,0.0,10.8,0.0,0.0,0.19999999999999987,0.0,0.0,0.0,0.0,0.0,0.19999999999999987,0.19999999999999987,0.0,0.19999999999999987,0.19999999999999987
0,30.0,19.0,10.2,1.0,19.0,10.0,1.0,0.0,0.19999999999999987,0.0,0.0,0.0,0.0,0.0,0.19999999999999987,0.0,0.19999999999999987,0.0,0.19999999999999987,0.19999999999999987
1,30.0,19.0,7.8,0.0,19.0,8.0,0.0,0.0,-0.19999999999999987,0.0,0.0,0.0,0.0,0.0,-0.19999999999999987,0.0,0.19999999999999987,0.0,0.19999999999999987,0.19999999999999987
2,30.0,10.0,10.0,19.0,10.0,10.0,19.0,0.0,0.0,0.0,0.0,0.0,0.0,0.0,0.0,0.0,0.0,0.0,0.0,0.0
3,30.0,0.0,0.0,11.2,0.0,0.0,11.0,0.0,0.0,0.19999999999999987,0.0,0.0,0.0,0.0,0.0,0.19999999999999987,0.19999999999999987,0.0,0.19999999999999987,0.19999999999999987
0,30.2,19.0,10.4,1.0,19.0,10.2,1.0,0.0,0.20000000000000048,0.0,0.0,0.0,0.0,0.0,0.20000000000000048,0.0,0.20000000000000048,0.0,0.20000000000000048,0.20000000000000048
1,30.2,19.0,7.6,0.0,19.0,7.8,0.0,0.0,-0.19999999999999987,0.0,0.0,0.0,0.0,0.0,-0.19999999999999987,0.0,0.19999999999999987,0.0,0.19999999999999987,0.19999999999999987
2,30.2,10.0,10.0,19.0,10.0,10.0,19.0,0.0,0.0,0.0,0.0,0.0,0.0,0.0,0.0,0.0,0.0,0.0,0.0,0.0
3,30.2,0.0,0.0,11.4,0.0,0.0,11.2,0.0,0.0,0.20000000000000048,0.0,0.0,0.0,0.0,0.0,0.20000000000000048,0.20000000000000048,0.0,0.20000000000000048,0.20000000000000048
0,30.4,19.0,10.6,1.0,19.0,10.4,1.0,0.0,0.19999999999999987,0.0,0.0,0.0,0.0,0.0,0.19999999999999987,0.0,0.19999999999999987,0.0,0.19999999999999987,0.19999999999999987
1,30.4,19.0,7.3999999999999995,0.0,19.0,7.6,0.0,0.0,-0.19999999999999987,0.0,0.0,0.0,0.0,0.0,-0.19999999999999987,0.0,0.19999999999999987,0.0,0.19999999999999987,0.19999999999999987
2,30.4,10.0,10.0,19.0,10.0,10.0,19.0,0.0,0.0,0.0,0.0,0.0,0.0,0.0,0.0,0.0,0.0,0.0,0.0,0.0
3,30.4,0.0,0.0,11.6,0.0,0.0,11.4,0.0,0.0,0.19999999999999987,0.0,0.0,0.0,0.0,0.0,0.19999999999999987,0.19999999999999987,0.0,0.19999999999999987,0.19999999999999987
0,30.6,19.0,10.799999999999999,1.0,19.0,10.6,1.0,0.0,0.19999999999999987,0.0,0.0,0.0,0.0,0.0,0.19999999999999987,0.0,0.19999999999999987,0.0,0.19999999999999987,0.19999999999999987
1,30.6,19.0,7.2,0.0,19.0,7.4,0.0,0.0,-0.20000000000000018,0.0,0.0,0.0,0.0,0.0,-0.20000000000000018,0.0,0.20000000000000018,0.0,0.20000000000000018,0.20000000000000018
2,30.6,10.0,10.0,19.0,10.0,10.0,19.0,0.0,0.0,0.0,0.0,0.0,0.0,0.0,0.0,0.0,0.0,0.0,0.0,0.0
3,30.6,0.0,0.0,11.799999999999999,0.0,0.0,11.6,0.0,0.0,0.19999999999999987,0.0,0.0,0.0,0.0,0.0,0.19999999999999987,0.19999999999999987,0.0,0.19999999999999987,0.19999999999999987
0,30.8,19.0,11.0,1.0,19.0,10.8,1.0,0.0,0.19999999999999987,0.0,0.0,0.0,0.0,0.0,0.19999999999999987,0.0,0.19999999999999987,0.0,0.19999999999999987,0.19999999999999987
1,30.8,19.0,7.0,0.0,19.0,7.2,0.0,0.0,-0.20000000000000018,0.0,0.0,0.0,0.0,0.0,-0.20000000000000018,0.0,0.20000000000000018,0.0,0.20000000000000018,0.20000000000000018
2,30.8,10.0,10.0,19.0,10.0,10.0,19.0,0.0,0.0,0.0,0.0,0.0,0.0,0.0,0.0,0.0,0.0,0.0,0.0,0.0
3,30.8,0.0,0.0,12.0,0.0,0.0,11.8,0.0,0.0,0.19999999999999987,0.0,0.0,0.0,0.0,0.0,0.19999999999999987,0.19999999999999987,0.0,0.19999999999999987,0.19999999999999987
0,31.0,19.0,11.2,1.0,19.0,11.0,1.0,0.0,0.19999999999999987,0.0,0.0,0.0,0.0,0.0,0.19999999999999987,0.0,0.19999999999999987,0.0,0.19999999999999987,0.19999999999999987
1,31.0,19.0,6.8,0.0,19.0,7.0,0.0,0.0,-0.19999999999999987,0.0,0.0,0.0,0.0,0.0,-0.19999999999999987,0.0,0.19999999999999987,0.0,0.19999999999999987,0.19999999999999987
2,31.0,10.0,10.0,19.0,10.0,10.0,19.0,0.0,0.0,0.0,0.0,0.0,0.0,0.0,0.0,0.0,0.0,0.0,0.0,0.0
3,31.0,0.0,0.0,12.2,0.0,0.0,12.0,0.0,0.0,0.19999999999999987,0.0,0.0,0.0,0.0,0.0,0.19999999999999987,0.19999999999999987,0.0,0.19999999999999987,0.19999999999999987
0,31.2,19.0,11.4,1.0,19.0,11.2,1.0,0.0,0.20000000000000048,0.0,0.0,0.0,0.0,0.0,0.20000000000000048,0.0,0.20000000000000048,0.0,0.20000000000000048,0.20000000000000048
1,31.2,19.0,6.6,0.0,19.0,6.8,0.0,0.0,-0.19999999999999987,0.0,0.0,0.0,0.0,0.0,-0.19999999999999987,0.0,0.19999999999999987,0.0,0.19999999999999987,0.19999999999999987
2,31.2,10.0,10.0,19.0,10.0,10.0,19.0,0.0,0.0,0.0,0.0,0.0,0.0,0.0,0.0,0.0,0.0,0.0,0.0,0.0
3,31.2,0.0,0.0,12.4,0.0,0.0,12.2,0.0,0.0,0.20000000000000048,0.0,0.0,0.0,0.0,0.0,0.20000000000000048,0.20000000000000048,0.0,0.20000000000000048,0.20000000000000048
0,31.4,19.0,11.6,1.0,19.0,11.4,1.0,0.0,0.19999999999999987,0.0,0.0,0.0,0.0,0.0,0.19999999999999987,0.0,0.19999999999999987,0.0,0.19999999999999987,0.19999999999999987
1,31.4,19.0,6.3999999999999995,0.0,19.0,6.6,0.0,0.0,-0.19999999999999987,0.0,0.0,0.0,0.0,0.0,-0.19999999999999987,0.0,0.19999999999999987,0.0,0.19999999999999987,0.19999999999999987
2,31.4,10.0,10.0,19.0,10.0,10.0,19.0,0.0,0.0,0.0,0.0,0.0,0.0,0.0,0.0,0.0,0.0,0.0,0.0,0.0
3,31.4,0.0,0.0,12.6,0.0,0.0,12.4,0.0,0.0,0.19999999999999987,0.0,0.0,0.0,0.0,0.0,0.19999999999999987,0.19999999999999987,0.0,0.19999999999999987,0.19999999999999987
0,31.6,19.0,11.799999999999999,1.0,19.0,11.6,1.0,0.0,0.19999999999999987,0.0,0.0,0.0,0.0,0.0,0.19999999999999987,0.0,0.19999999999999987,0.0,0.19999999999999987,0.19999999999999987
1,31.6,19.0,6.2,0.0,19.0,6.4,0.0,0.0,-0.20000000000000018,0.0,0.0,0.0,0.0,0.0,-0.20000000000000018,0.0,0.20000000000000018,0.0,0.20000000000000018,0.20000000000000018
2,31.6,10.0,10.0,19.0,10.0,10.0,19.0,0.0,0.0,0.0,0.0,0.0,0.0,0.0,0.0,0.0,0.0,0.0,0.0,0.0
3,31.6,0.0,0.0,12.799999999999999,0.0,0.0,12.6,0.0,0.0,0.19999999999999987,0.0,0.0,0.0,0.0,0.0,0.19999999999999987,0.19999999999999987,0.0,0.19999999999999987,0.19999999999999987
0,31.8,19.0,12.0,1.0,19.0,11.8,1.0,0.0,0.19999999999999987,0.0,0.0,0.0,0.0,0.0,0.19999999999999987,0.0,0.19999999999999987,0.0,0.19999999999999987,0.19999999999999987
1,31.8,19.0,6.0,0.0,19.0,6.2,0.0,0.0,-0.20000000000000018,0.0,0.0,0.0,0.0,0.0,-0.20000000000000018,0.0,0.20000000000000018,0.0,0.20000000000000018,0.20000000000000018
2,31.8,10.0,10.0,19.0,10.0,10.0,19.0,0.0,0.0,0.0,0.0,0.0,0.0,0.0,0.0,0.0,0.0,0.0,0.0,0.0
3,31.8,0.0,0.0,13.0,0.0,0.0,12.8,0.0,0.0,0.19999999999999987,0.0,0.0,0.0,0.0,0.0,0.19999999999999987,0.19999999999999987,0.0,0.19999999999999987,0.19999999999999987
0,32.0,19.0,12.2,1.0,19.0,12.0,1.0,0.0,0.19999999999999987,0.0,0.0,0.0,0.0,0.0,0.19999999999999987,0.0,0.19999999999999987,0.0,0.19999999999999987,0.19999999999999987
1,32.0,19.0,5.8,0.0,19.0,6.0,0.0,0.0,-0.19999999999999987,0.0,0.0,0.0,0.0,0.0,-0.19999999999999987,0.0,0.19999999999999987,0.0,0.19999999999999987,0.19999999999999987
2,32.0,10.0,10.0,19.0,10.0,10.0,19.0,0.0,0.0,0.0,0.0,0.0,0.0,0.0,0.0,0.0,0.0,0.0,0.0,0.0
3,32.0,0.0,0.0,13.2,0.0,0.0,13.0,0.0,0.0,0.19999999999999987,0.0,0.0,0.0,0.0,0.0,0.19999999999999987,0.19999999999999987,0.0,0.19999999999999987,0.19999999999999987
0,32.2,19.0,12.4,1.0,19.0,12.2,1.0,0.0,0.20000000000000048,0.0,0.0,0.0,0.0,0.0,0.20000000000000048,0.0,0.20000000000000048,0.0,0.20000000000000048,0.20000000000000048
1,32.2,19.0,5.6,0.0,19.0,5.8,0.0,0.0,-0.19999999999999987,0.0,0.0,0.0,0.0,0.0,-0.19999999999999987,0.0,0.19999999999999987,0.0,0.19999999999999987,0.19999999999999987
2,32.2,10.0,10.0,19.0,10.0,10.0,19.0,0.0,0.0,0.0,0.0,0.0,0.0,0.0,0.0,0.0,0.0,0.0,0.0,0.0
3,32.2,0.0,0.0,13.4,0.0,0.0,13.2,0.0,0.0,0.20000000000000048,0.0,0.0,0.0,0.0,0.0,0.20000000000000048,0.20000000000000048,0.0,0.20000000000000048,0.20000000000000048
0,32.4,19.0,12.6,1.0,19.0,12.4,1.0,0.0,0.19999999999999987,0.0,0.0,0.0,0.0,0.0,0.19999999999999987,0.0,0.19999999999999987,0.0,0.19999999999999987,0.19999999999999987
1,32.4,19.0,5.3999999999999995,0.0,19.0,5.6,0.0,0.0,-0.19999999999999987,0.0,0.0,0.0,0.0,0.0,-0.19999999999999987,0.0,0.19999999999999987,0.0,0.19999999999999987,0.19999999999999987
2,32.4,10.0,10.0,19.0,10.0,10.0,19.0,0.0,0.0,0.0,0.0,0.0,0.0,0.0,0.0,0.0,0.0,0.0,0.0,0.0
3,32.4,0.0,0.0,13.6,0.0,0.0,13.4,0.0,0.0,0.19999999999999987,0.0,0.0,0.0,0.0,0.0,0.19999999999999987,0.19999999999999987,0.0,0.19999999999999987,0.19999999999999987
0,32.6,19.0,12.799999999999999,1.0,19.0,12.6,1.0,0.0,0.19999999999999987,0.0,0.0,0.0,0.0,0.0,0.19999999999999987,0.0,0.19999999999999987,0.0,0.19999999999999987,0.19999999999999987
1,32.6,19.0,5.2,0.0,19.0,5.4,0.0,0.0,-0.20000000000000018,0.0,0.0,0.0,0.0,0.0,-0.20000000000000018,0.0,0.20000000000000018,0.0,0.20000000000000018,0.20000000000000018
2,32.6,10.0,10.0,19.0,10.0,10.0,19.0,0.0,0.0,0.0,0.0,0.0,0.0,0.0,0.0,0.0,0.0,0.0,0.0,0.0
3,32.6,0.0,0.0,13.799999999999999,0.0,0.0,13.6,0.0,0.0,0.19999999999999987,0.0,0.0,0.0,0.0,0.0,0.19999999999999987,0.19999999999999987,0.0,0.19999999999999987,0.19999999999999987
0,32.8,19.0,13.0,1.0,19.0,12.8,1.0,0.0,0.19999999999999987,0.0,0.0,0.0,0.0,0.0,0.19999999999999987,0.0,0.19999999999999987,0.0,0.19999999999999987,0.19999999999999987
1,32.8,19.0,5.0,0.0,19.0,5.2,0.0,0.0,-0.20000000000000018,0.0,0.0,0.0,0.0,0.0,-0.20000000000000018,0.0,0.20000000000000018,0.0,0.20000000000000018,0.20000000000000018
2,32.8,10.0,10.0,19.0,10.0,10.0,19.0,0.0,0.0,0.0,0.0,0.0,0.0,0.0,0.0,0.0,0.0,0.0,0.0,0.0
3,32.8,0.0,0.0,14.0,0.0,0.0,13.8,0.0,0.0,0.19999999999999987,0.0,0.0,0.0,0.0,0.0,0.19999999999999987,0.19999999999999987,0.0,0.19999999999999987,0.19999999999999987
0,33.0,19.0,13.2,1.0,19.0,13.0,1.0,0.0,0.19999999999999987,0.0,0.0,0.0,0.0,0.0,0.19999999999999987,0.0,0.19999999999999987,0.0,0.19999999999999987,0.19999999999999987
1,33.0,19.0,4.8,0.0,19.0,5.0,0.0,0.0,-0.19999999999999987,0.0,0.0,0.0,0.0,0.0,-0.19999999999999987,0.0,0.19999999999999987,0.0,0.19999999999999987,0.19999999999999987
2,33.0,10.0,10.0,19.0,10.0,10.0,19.0,0.0,0.0,0.0,0.0,0.0,0.0,0.0,0.0,0.0,0.0,0.0,0.0,0.0
3,33.0,0.0,0.0,14.2,0.0,0.0,14.0,0.0,0.0,0.19999999999999987,0.0,0.0,0.0,0.0,0.0,0.19999999999999987,0.19999999999999987,0.0,0.19999999999999987,0.19999999999999987
0,33.2,19.0,13.4,1.0,19.0,13.2,1.0,0.0,0.20000000000000048,0.0,0.0,0.0,0.0,0.0,0.20000000000000048,0.0,0.20000000000000048,0.0,0.20000000000000048,0.20000000000000048
1,33.2,19.0,4.6,0.0,19.0,4.8,0.0,0.0,-0.19999999999999987,0.0,0.0,0.0,0.0,0.0,-0.19999999999999987,0.0,0.19999999999999987,0.0,0.19999999999999987,0.19999999999999987
2,33.2,10.0,10.0,19.0,10.0,10.0,19.0,0.0,0.0,0.0,0.0,0.0,0.0,0.0,0.0,0.0,0.0,0.0,0.0,0.0
3,33.2,0.0,0.0,14.4,0.0,0.0,14.2,0.0,0.0,0.20000000000000048,0.0,0.0,0.0,0.0,0.0,0.20000000000000048,0.20000000000000048,0.0,0.20000000000000048,0.20000000000000048
0,33.4,19.0,13.6,1.0,19.0,13.4,1.0,0.0,0.19999999999999987,0.0,0.0,0.0,0.0,0.0,0.19999999999999987,0.0,0.19999999999999987,0.0,0.19999999999999987,0.19999999999999987
1,33.4,19.0,4.3999999999999995,0.0,19.0,4.6,0.0,0.0,-0.19999999999999987,0.0,0.0,0.0,0.0,0.0,-0.19999999999999987,0.0,0.19999999999999987,0.0,0.19999999999999987,0.19999999999999987
2,33.4,10.0,10.0,19.0,10.0,10.0,19.0,0.0,0.0,0.0,0.0,0.0,0.0,0.0,0.0,0.0,0.0,0.0,0.0,0.0
3,33.4,0.0,0.0,14.6,0.0,0.0,14.4,0.0,0.0,0.19999999999999987,0.0,0.0,0.0,0.0,0.0,0.19999999999999987,0.19999999999999987,0.0,0.19999999999999987,0.19999999999999987
0,33.6,19.0,13.799999999999999,1.0,19.0,13.6,1.0,0.0,0.19999999999999987,0.0,0.0,0.0,0.0,0.0,0.19999999999999987,0.0,0.19999999999999987,0.0,0.19999999999999987,0.19999999999999987
1,33.6,19.0,4.2,0.0,19.0,4.4,0.0,0.0,-0.20000000000000018,0.0,0.0,0.0,0.0,0.0,-0.20000000000000018,0.0,0.20000000000000018,0.0,0.20000000000000018,0.20000000000000018
2,33.6,10.0,10.0,19.0,10.0,10.0,19.0,0.0,0.0,0.0,0.0,0.0,0.0,0.0,0.0,0.0,0.0,0.0,0.0,0.0
3,33.6,0.0,0.0,14.799999999999999,0.0,0.0,14.6,0.0,0.0,0.19999999999999987,0.0,0.0,0.0,0.0,0.0,0.19999999999999987,0.19999999999999987,0.0,0.19999999999999987,0.19999999999999987
0,33.8,19.0,14.0,1.0,19.0,13.8,1.0,0.0,0.19999999999999987,0.0,0.0,0.0,0.0,0.0,0.19999999999999987,0.0,0.19999999999999987,0.0,0.19999999999999987,0.19999999999999987
1,33.8,19.0,4.0,0.0,19.0,4.2,0.0,0.0,-0.20000000000000004,0.0,0.0,0.0,0.0,0.0,-0.20000000000000004,0.0,0.20000000000000004,0.0,0.20000000000000004,0.20000000000000004
2,33.8,10.0,10.0,19.0,10.0,10.0,19.0,0.0,0.0,0.0,0.0,0.0,0.0,0.0,0.0,0.0,0.0,0.0,0.0,0.0
3,33.8,0.0,0.0,15.0,0.0,0.0,14.8,0.0,0.0,0.19999999999999987,0.0,0.0,0.0,0.0,0.0,0.19999999999999987,0.19999999999999987,0.0,0.19999999999999987,0.19999999999999987
0,34.0,19.0,14.2,1.0,19.0,14.0,1.0,0.0,0.19999999999999987,0.0,0.0,0.0,0.0,0.0,0.19999999999999987,0.0,0.19999999999999987,0.0,0.19999999999999987,0.19999999999999987
1,34.0,19.0,3.8,0.0,19.0,4.0,0.0,0.0,-0.20000000000000004,0.0,0.0,0.0,0.0,0.0,-0.20000000000000004,0.0,0.20000000000000004,0.0,0.20000000000000004,0.20000000000000004
2,34.0,10.0,10.0,19.0,10.0,10.0,19.0,0.0,0.0,0.0,0.0,0.0,0.0,0.0,0.0,0.0,0.0,0.0,0.0,0.0
3,34.0,0.0,0.0,15.2,0.0,0.0,15.0,0.0,0.0,0.19999999999999987,0.0,0.0,0.0,0.0,0.0,0.19999999999999987,0.19999999999999987,0.0,0.19999999999999987,0.19999999999999987
0,34.2,19.0,14.4,1.0,19.0,14.2,1.0,0.0,0.20000000000000048,0.0,0.0,0.0,0.0,0.0,0.20000000000000048,0.0,0.20000000000000048,0.0,0.20000000000000048,0.20000000000000048
1,34.2,19.0,3.6,0.0,19.0,3.8,0.0,0.0,-0.19999999999999987,0.0,0.0,0.0,0.0,0.0,-0.19999999999999987,0.0,0.19999999999999987,0.0,0.19999999999999987,0.19999999999999987
2,34.2,10.0,10.0,19.0,10.0,10.0,19.0,0.0,0.0,0.0,0.0,0.0,0.0,0.0,0.0,0.0,0.0,0.0,0.0,0.0
3,34.2,0.0,0.0,15.4,0.0,0.0,15.2,0.0,0.0,0.20000000000000048,0.0,0.0,0.0,0.0,0.0,0.20000000000000048,0.20000000000000048,0.0,0.20000000000000048,0.20000000000000048
0,34.4,19.0,14.6,1.0,19.0,14.4,1.0,0.0,0.19999999999999987,0.0,0.0,0.0,0.0,0.0,0.19999999999999987,0.0,0.19999999999999987,0.0,0.19999999999999987,0.19999999999999987
1,34.4,19.0,3.4,0.0,19.0,3.6,0.0,0.0,-0.20000000000000004,0.0,0.0,0.0,0.0,0.0,-0.20000000000000004,0.0,0.20000000000000004,0.0,0.20000000000000004,0.20000000000000004
2,34.4,10.0,10.0,19.0,10.0,10.0,19.0,0.0,0.0,0.0,0.0,0.0,0.0,0.0,0.0,0.0,0.0,0.0,0.0,0.0
3,34.4,0.0,0.0,15.6,0.0,0.0,15.4,0.0,0.0,0.19999999999999987,0.0,0.0,0.0,0.0,0.0,0.19999999999999987,0.19999999999999987,0.0,0.19999999999999987,0.19999999999999987
0,34.6,19.0,14.799999999999999,1.0,19.0,14.6,1.0,0.0,0.19999999999999987,0.0,0.0,0.0,0.0,0.0,0.19999999999999987,0.0,0.19999999999999987,0.0,0.19999999999999987,0.19999999999999987
1,34.6,19.0,3.1999999999999997,0.0,19.0,3.4,0.0,0.0,-0.20000000000000004,0.0,0.0,0.0,0.0,0.0,-0.20000000000000004,0.0,0.20000000000000004,0.0,0.20000000000000004,0.20000000000000004
2,34.6,10.0,10.0,19.0,10.0,10.0,19.0,0.0,0.0,0.0,0.0,0.0,0.0,0.0,0.0,0.0,0.0,0.0,0.0,0.0
3,34.6,0.0,0.0,15.799999999999999,0.0,0.0,15.6,0.0,0.0,0.19999999999999987,0.0,0.0,0.0,0.0,0.0,0.19999999999999987,0.19999999999999987,0.0,0.19999999999999987,0.19999999999999987
0,34.8,19.0,15.0,1.0,19.0,14.8,1.0,0.0,0.19999999999999987,0.0,0.0,0.0,0.0,0.0,0.19999999999999987,0.0,0.19999999999999987,0.0,0.19999999999999987,0.19999999999999987
1,34.8,19.0,3.0,0.0,19.0,3.2,0.0,0.0,-0.20000000000000004,0.0,0.0,0.0,0.0,0.0,-0.20000000000000004,0.0,0.20000000000000004,0.0,0.20000000000000004,0.20000000000000004
2,34.8,10.0,10.0,19.0,10.0,10.0,19.0,0.0,0.0,0.0,0.0,0.0,0.0,0.0,0.0,0.0,0.0,0.0,0.0,0.0
3,34.8,0.0,0.0,16.0,0.0,0.0,15.8,0.0,0.0,0.1999999999999993,0.0,0.0,0.0,0.0,0.0,0.1999999999999993,0.1999999999999993,0.0,0.1999999999999993,0.1999999999999993
0,35.0,19.0,15.2,1.0,19.0,15.0,1.0,0.0,0.19999999999999987,0.0,0.0,0.0,0.0,0.0,0.19999999999999987,0.0,0.19999999999999987,0.0,0.19999999999999987,0.19999999999999987
1,35.0,19.0,2.8,0.0,19.0,3.0,0.0,0.0,-0.20000000000000004,0.0,0.0,0.0,0.0,0.0,-0.20000000000000004,0.0,0.20000000000000004,0.0,0.20000000000000004,0.20000000000000004
2,35.0,10.0,10.0,19.0,10.0,10.0,19.0,0.0,0.0,0.0,0.0,0.0,0.0,0.0,0.0,0.0,0.0,0.0,0.0,0.0
3,35.0,0.0,0.0,16.2,0.0,0.0,16.0,0.0,0.0,0.20000000000000048,0.0,0.0,0.0,0.0,0.0,0.20000000000000048,0.20000000000000048,0.0,0.20000000000000048,0.20000000000000048
0,35.2,19.0,15.4,1.0,19.0,15.2,1.0,0.0,0.20000000000000048,0.0,0.0,0.0,0.0,0.0,0.20000000000000048,0.0,0.20000000000000048,0.0,0.20000000000000048,0.20000000000000048
1,35.2,19.0,2.6,0.0,19.0,2.8,0.0,0.0,-0.19999999999999987,0.0,0.0,0.0,0.0,0.0,-0.19999999999999987,0.0,0.19999999999999987,0.0,0.19999999999999987,0.19999999999999987
2,35.2,10.0,10.0,19.0,10.0,10.0,19.0,0.0,0.0,0.0,0.0,0.0,0.0,0.0,0.0,0.0,0.0,0.0,0.0,0.0
3,35.2,0.0,0.0,16.4,0.0,0.0,16.2,0.0,0.0,0.20000000000000048,0.0,0.0,0.0,0.0,0.0,0.20000000000000048,0.20000000000000048,0.0,0.20000000000000048,0.20000000000000048
0,35.4,19.0,15.6,1.0,19.0,15.4,1.0,0.0,0.19999999999999987,0.0,0.0,0.0,0.0,0.0,0.19999999999999987,0.0,0.19999999999999987,0.0,0.19999999999999987,0.19999999999999987
1,35.4,19.0,2.4,0.0,19.0,2.6,0.0,0.0,-0.20000000000000004,0.0,0.0,0.0,0.0,0.0,-0.20000000000000004,0.0,0.20000000000000004,0.0,0.20000000000000004,0.20000000000000004
2,35.4,10.0,10.0,19.0,10.0,10.0,19.0,0.0,0.0,0.0,0.0,0.0,0.0,0.0,0.0,0.0,0.0,0.0,0.0,0.0
3,35.4,0.0,0.0,16.599999999999998,0.0,0.0,16.4,0.0,0.0,0.20000000000000048,0.0,0.0,0.0,0.0,0.0,0.20000000000000048,0.20000000000000048,0.0,0.20000000000000048,0.20000000000000048
0,35.6,19.0,15.799999999999999,1.0,19.0,15.6,1.0,0.0,0.19999999999999987,0.0,0.0,0.0,0.0,0.0,0.19999999999999987,0.0,0.19999999999999987,0.0,0.19999999999999987,0.19999999999999987
1,35.6,19.0,2.2,0.0,19.0,2.4,0.0,0.0,-0.19999999999999996,0.0,0.0,0.0,0.0,0.0,-0.19999999999999996,0.0,0.19999999999999996,0.0,0.19999999999999996,0.19999999999999996
2,35.6,10.0,10.0,19.0,10.0,10.0,19.0,0.0,0.0,0.0,0.0,0.0,0.0,0.0,0.0,0.0,0.0,0.0,0.0,0.0
3,35.6,0.0,0.0,16.8,0.0,0.0,16.6,0.0,0.0,0.1999999999999993,0.0,0.0,0.0,0.0,0.0,0.1999999999999993,0.1999999999999993,0.0,0.1999999999999993,0.1999999999999993
0,35.8,19.0,16.0,1.0,19.0,15.8,1.0,0.0,0.1999999999999993,0.0,0.0,0.0,0.0,0.0,0.1999999999999993,0.0,0.1999999999999993,0.0,0.1999999999999993,0.1999999999999993
1,35.8,19.0,2.0,0.0,19.0,2.2,0.0,0.0,-0.20000000000000004,0.0,0.0,0.0,0.0,0.0,-0.20000000000000004,0.0,0.20000000000000004,0.0,0.20000000000000004,0.20000000000000004
2,35.8,10.0,10.0,19.0,10.0,10.0,19.0,0.0,0.0,0.0,0.0,0.0,0.0,0.0,0.0,0.0,0.0,0.0,0.0,0.0
3,35.8,0.0,0.0,17.0,0.0,0.0,16.8,0.0,0.0,0.1999999999999993,0.0,0.0,0.0,0.0,0.0,0.1999999999999993,0.1999999999999993,0.0,0.1999999999999993,0.1999999999999993
0,36.0,19.0,16.2,1.0,19.0,16.0,1.0,0.0,0.20000000000000048,0.0,0.0,0.0,0.0,0.0,0.20000000000000048,0.0,0.20000000000000048,0.0,0.20000000000000048,0.20000000000000048
1,36.0,19.0,1.8,0.0,19.0,2.0,0.0,0.0,-0.20000000000000004,0.0,0.0,0.0,0.0,0.0,-0.20000000000000004,0.0,0.20000000000000004,0.0,0.20000000000000004,0.20000000000000004
2,36.0,10.0,10.0,19.0,10.0,10.0,19.0,0.0,0.0,0.0,0.0,0.0,0.0,0.0,0.0,0.0,0.0,0.0,0.0,0.0
3,36.0,0.0,0.0,17.2,0.0,0.0,17.0,0.0,0.0,0.20000000000000048,0.0,0.0,0.0,0.0,0.0,0.20000000000000048,0.20000000000000048,0.0,0.20000000000000048,0.20000000000000048
0,36.2,19.0,16.4,1.0,19.0,16.2,1.0,0.0,0.20000000000000048,0.0,0.0,0.0,0.0,0.0,0.20000000000000048,0.0,0.20000000000000048,0.0,0.20000000000000048,0.20000000000000048
1,36.2,19.0,1.6,0.0,19.0,1.8,0.0,0.0,-0.20000000000000004,0.0,0.0,0.0,0.0,0.0,-0.20000000000000004,0.0,0.20000000000000004,0.0,0.20000000000000004,0.20000000000000004
2,36.2,10.0,10.0,19.0,10.0,10.0,19.0,0.0,0.0,0.0,0.0,0.0,0.0,0.0,0.0,0.0,0.0,0.0,0.0,0.0
3,36.2,0.0,0.0,17.4,0.0,0.0,17.2,0.0,0.0,0.20000000000000048,0.0,0.0,0.0,0.0,0.0,0.20000000000000048,0.20000000000000048,0.0,0.20000000000000048,0.20000000000000048
0,36.4,19.0,16.599999999999998,1.0,19.0,16.4,1.0,0.0,0.20000000000000048,0.0,0.0,0.0,0.0,0.0,0.20000000000000048,0.0,0.20000000000000048,0.0,0.20000000000000048,0.20000000000000048
1,36.4,19.0,1.4000000000000001,0.0,19.0,1.6,0.0,0.0,-0.20000000000000004,0.0,0.0,0.0,0.0,0.0,-0.20000000000000004,0.0,0.20000000000000004,0.0,0.20000000000000004,0.20000000000000004
2,36.4,10.0,10.0,19.0,10.0,10.0,19.0,0.0,0.0,0.0,0.0,0.0,0.0,0.0,0.0,0.0,0.0,0.0,0.0,0.0
3,36.4,0.0,0.0,17.599999999999998,0.0,0.0,17.4,0.0,0.0,0.20000000000000048,0.0,0.0,0.0,0.0,0.0,0.20000000000000048,0.20000000000000048,0.0,0.20000000000000048,0.20000000000000048
0,36.6,19.0,16.8,1.0,19.0,16.6,1.0,0.0,0.1999999999999993,0.0,0.0,0.0,0.0,0.0,0.1999999999999993,0.0,0.1999999999999993,0.0,0.1999999999999993,0.1999999999999993
1,36.6,19.0,1.2,0.0,19.0,1.4,0.0,0.0,-0.19999999999999996,0.0,0.0,0.0,0.0,0.0,-0.19999999999999996,0.0,0.19999999999999996,0.0,0.19999999999999996,0.19999999999999996
2,36.6,10.0,10.0,19.0,10.0,10.0,19.0,0.0,0.0,0.0,0.0,0.0,0.0,0.0,0.0,0.0,0.0,0.0,0.0,0.0
3,36.6,0.0,0.0,17.8,0.0,0.0,17.6,0.0,0.0,0.1999999999999993,0.0,0.0,0.0,0.0,0.0,0.1999999999999993,0.1999999999999993,0.0,0.1999999999999993,0.1999999999999993
0,36.8,19.0,17.0,1.0,19.0,16.8,1.0,0.0,0.1999999999999993,0.0,0.0,0.0,0.0,0.0,0.1999999999999993,0.0,0.1999999999999993,0.0,0.1999999999999993,0.1999999999999993
1,36.8,19.0,1.0,0.0,19.0,1.2,0.0,0.0,-0.19999999999999998,0.0,0.0,0.0,0.0,0.0,-0.19999999999999998,0.0,0.19999999999999998,0.0,0.19999999999999998,0.19999999999999998
2,36.8,10.0,10.0,19.0,10.0,10.0,19.0,0.0,0.0,0.0,0.0,0.0,0.0,0.0,0.0,0.0,0.0,0.0,0.0,0.0
3,36.8,0.0,0.0,18.0,0.0,0.0,17.8,0.0,0.0,0.1999999999999993,0.0,0.0,0.0,0.0,0.0,0.1999999999999993,0.1999999999999993,0.0,0.1999999999999993,0.1999999999999993
0,37.0,19.0,17.2,1.0,19.0,17.0,1.0,0.0,0.20000000000000048,0.0,0.0,0.0,0.0,0.0,0.20000000000000048,0.0,0.20000000000000048,0.0,0.20000000000000048,0.20000000000000048
1,37.0,19.0,0.8,0.0,19.0,1.0,0.0,0.0,-0.19999999999999998,0.0,0.0,0.0,0.0,0.0,-0.19999999999999998,0.0,0.19999999999999998,0.0,0.19999999999999998,0.19999999999999998
2,37.0,10.0,10.0,19.0,10.0,10.0,19.0,0.0,0.0,0.0,0.0,0.0,0.0,0.0,0.0,0.0,0.0,0.0,0.0,0.0
3,37.0,0.0,0.0,18.2,0.0,0.0,18.0,0.0,0.0,0.20000000000000048,0.0,0.0,0.0,0.0,0.0,0.20000000000000048,0.20000000000000048,0.0,0.20000000000000048,0.20000000000000048
0,37.2,19.0,17.4,1.0,19.0,17.2,1.0,0.0,0.20000000000000048,0.0,0.0,0.0,0.0,0.0,0.20000000000000048,0.0,0.20000000000000048,0.0,0.20000000000000048,0.20000000000000048
1,37.2,19.0,0.6,0.0,19.0,0.8,0.0,0.0,-0.20000000000000004,0.0,0.0,0.0,0.0,0.0,-0.20000000000000004,0.0,0.20000000000000004,0.0,0.20000000000000004,0.20000000000000004
2,37.2,10.0,10.0,19.0,10.0,10.0,19.0,0.0,0.0,0.0,0.0,0.0,0.0,0.0,0.0,0.0,0.0,0.0,0.0,0.0
3,37.2,0.0,0.0,18.4,0.0,0.0,18.2,0.0,0.0,0.20000000000000048,0.0,0.0,0.0,0.0,0.0,0.20000000000000048,0.20000000000000048,0.0,0.20000000000000048,0.20000000000000048
0,37.4,19.0,17.599999999999998,1.0,19.0,17.4,1.0,0.0,0.20000000000000048,0.0,0.0,0.0,0.0,0.0,0.20000000000000048,0.0,0.20000000000000048,0.0,0.20000000000000048,0.20000000000000048
1,37.4,19.0,0.4,0.0,19.0,0.6,0.0,0.0,-0.19999999999999998,0.0,0.0,0.0,0.0,0.0,-0.19999999999999998,0.0,0.19999999999999998,0.0,0.19999999999999998,0.19999999999999998
2,37.4,10.0,10.0,19.0,10.0,10.0,19.0,0.0,0.0,0.0,0.0,0.0,0.0,0.0,0.0,0.0,0.0,0.0,0.0,0.0
3,37.4,0.0,0.0,18.599999999999998,0.0,0.0,18.4,0.0,0.0,0.20000000000000048,0.0,0.0,0.0,0.0,0.0,0.20000000000000048,0.20000000000000048,0.0,0.20000000000000048,0.20000000000000048
0,37.6,19.0,17.8,1.0,19.0,17.6,1.0,0.0,0.1999999999999993,0.0,0.0,0.0,0.0,0.0,0.1999999999999993,0.0,0.1999999999999993,0.0,0.1999999999999993,0.1999999999999993
1,37.6,19.0,0.2666666666666667,0.06666666666666667,19.0,0.4,0.0,0.0,-0.13333333333333333,0.06666666666666667,0.0,0.0,0.0,0.0,-0.13333333333333333,0.06666666666666667,0.14907119849998599,0.0,0.14907119849998599,0.14907119849998599
2,37.6,10.0,10.0,19.0,10.0,10.0,19.0,0.0,0.0,0.0,0.0,0.0,0.0,0.0,0.0,0.0,0.0,0.0,0.0,0.0
3,37.6,0.0,0.0,18.733333333333334,0.0,0.0,18.6,0.0,0.0,0.13333333333333286,0.0,0.0,0.0,0.0,0.0,0.13333333333333286,0.13333333333333286,0.0,0.13333333333333286,0.13333333333333286
0,37.8,19.0,18.0,1.0,19.0,17.8,1.0,0.0,0.1999999999999993,0.0,0.0,0.0,0.0,0.0,0.1999999999999993,0.0,0.1999999999999993,0.0,0.1999999999999993,0.1999999999999993
1,37.8,19.0,0.13333333333333325,0.13333333333333336,19.0,0.1999999999999999,0.0,0.0,-0.06666666666666664,0.13333333333333336,0.0,0.0,0.0,0.0,-0.06666666666666664,0.13333333333333336,0.14907119849998599,0.0,0.14907119849998599,0.14907119849998599
2,37.8,10.0,10.0,19.0,10.0,10.0,19.0,0.0,0.0,0.0,0.0,0.0,0.0,0.0,0.0,0.0,0.0,0.0,0.0,0.0
3,37.8,0.0,0.0,18.866666666666667,0.0,0.0,18.8,0.0,0.0,0.06666666666666643,0.0,0.0,0.0,0.0,0.0,0.06666666666666643,0.06666666666666643,0.0,0.06666666666666643,0.06666666666666643
0,38.0,19.0,18.2,1.0,19.0,18.0,1.0,0.0,0.20000000000000048,0.0,0.0,0.0,0.0,0.0,0.20000000000000048,0.0,0.20000000000000048,0.0,0.20000000000000048,0.20000000000000048
1,38.0,19.0,0.0,0.19999999999999998,19.0,0.0,0.0,0.0,0.0,0.19999999999999998,0.0,0.0,0.0,0.0,0.0,0.19999999999999998,0.19999999999999998,0.0,0.19999999999999998,0.19999999999999998
2,38.0,10.0,10.0,19.0,10.0,10.0,19.0,0.0,0.0,0.0,0.0,0.0,0.0,0.0,0.0,0.0,0.0,0.0,0.0,0.0
3,38.0,0.0,0.0,19.0,0.0,0.0,19.0,0.0,0.0,0.0,0.0,0.0,0.0,0.0,0.0,0.0,0.0,0.0,0.0,0.0
0,38.2,19.0,18.4,1.0,19.0,18.2,1.0,0.0,0.20000000000000048,0.0,0.0,0.0,0.0,0.0,0.20000000000000048,0.0,0.20000000000000048,0.0,0.20000000000000048,0.20000000000000048
1,38.2,19.0,0.0,0.4,19.0,0.0,0.2,0.0,0.0,0.20000000000000004,0.0,0.0,0.0,0.0,0.0,0.20000000000000004,0.20000000000000004,0.0,0.20000000000000004,0.20000000000000004
2,38.2,10.0,10.0,19.0,10.0,10.0,19.0,0.0,0.0,0.0,0.0,0.0,0.0,0.0,0.0,0.0,0.0,0.0,0.0,0.0
3,38.2,0.0,0.0,19.0,0.0,0.0,19.0,0.0,0.0,0.0,0.0,0.0,0.0,0.0,0.0,0.0,0.0,0.0,0.0,0.0
0,38.4,19.0,18.599999999999998,1.0,19.0,18.4,1.0,0.0,0.20000000000000048,0.0,0.0,0.0,0.0,0.0,0.20000000000000048,0.0,0.20000000000000048,0.0,0.20000000000000048,0.20000000000000048
1,38.4,19.0,0.0,0.6,19.0,0.0,0.4,0.0,0.0,0.19999999999999998,0.0,0.0,0.0,0.0,0.0,0.19999999999999998,0.19999999999999998,0.0,0.19999999999999998,0.19999999999999998
2,38.4,10.0,10.0,19.0,10.0,10.0,19.0,0.0,0.0,0.0,0.0,0.0,0.0,0.0,0.0,0.0,0.0,0.0,0.0,0.0
3,38.4,0.0,0.0,19.0,0.0,0.0,19.0,0.0,0.0,0.0,0.0,0.0,0.0,0.0,0.0,0.0,0.0,0.0,0.0,0.0
0,38.6,19.0,18.733333333333334,1.0666666666666667,19.0,18.6,1.0,0.0,0.13333333333333286,0.06666666666666665,0.0,0.0,0.0,0.0,0.13333333333333286,0.06666666666666665,0.14907119849998554,0.0,0.14907119849998554,0.14907119849998554
1,38.6,19.0,0.0,0.7999999999999999,19.0,0.0,0.6,0.0,0.0,0.19999999999999998,0.0,0.0,0.0,0.0,0.0,0.19999999999999998,0.19999999999999998,0.0,0.19999999999999998,0.19999999999999998
2,38.6,10.0,10.0,19.0,10.0,10.0,19.0,0.0,0.0,0.0,0.0,0.0,0.0,0.0,0.0,0.0,0.0,0.0,0.0,0.0
3,38.6,0.0,0.0,19.0,0.0,0.0,19.0,0.0,0.0,0.0,0.0,0.0,0.0,0.0,0.0,0.0,0.0,0.0,0.0,0.0
0,38.8,19.0,18.866666666666667,1.1333333333333333,19.0,18.8,1.0,0.0,0.06666666666666643,0.1333333333333333,0.0,0.0,0.0,0.0,0.06666666666666643,0.1333333333333333,0.14907119849998585,0.0,0.14907119849998585,0.14907119849998585
1,38.8,19.0,0.0,1.0,19.0,0.0,0.8,0.0,0.0,0.19999999999999996,0.0,0.0,0.0,0.0,0.0,0.19999999999999996,0.19999999999999996,0.0,0.19999999999999996,0.19999999999999996
2,38.8,10.0,10.0,19.0,10.0,10.0,19.0,0.0,0.0,0.0,0.0,0.0,0.0,0.0,0.0,0.0,0.0,0.0,0.0,0.0
3,38.8,0.0,0.0,19.0,0.0,0.0,19.0,0.0,0.0,0.0,0.0,0.0,0.0,0.0,0.0,0.0,0.0,0.0,0.0,0.0
0,39.0,19.0,19.0,1.2,19.0,19.0,1.0,0.0,0.0,0.20000000000000004,0.0,0.0,0.0,0.0,0.0,0.20000000000000004,0.20000000000000004,0.0,0.20000000000000004,0.20000000000000004
1,39.0,19.0,0.0,1.2,19.0,0.0,1.0,0.0,0.0,0.20000000000000004,0.0,0.0,0.0,0.0,0.0,0.20000000000000004,0.20000000000000004,0.0,0.20000000000000004,0.20000000000000004
2,39.0,10.0,10.0,19.0,10.0,10.0,19.0,0.0,0.0,0.0,0.0,0.0,0.0,0.0,0.0,0.0,0.0,0.0,0.0,0.0
3,39.0,0.0,0.0,19.0,0.0,0.0,19.0,0.0,0.0,0.0,0.0,0.0,0.0,0.0,0.0,0.0,0.0,0.0,0.0,0.0
0,39.2,19.0,19.0,1.4,19.0,19.0,1.2,0.0,0.0,0.20000000000000004,0.0,0.0,0.0,0.0,0.0,0.20000000000000004,0.20000000000000004,0.0,0.20000000000000004,0.20000000000000004
1,39.2,19.0,0.0,1.4,19.0,0.0,1.2,0.0,0.0,0.20000000000000004,0.0,0.0,0.0,0.0,0.0,0.20000000000000004,0.20000000000000004,0.0,0.20000000000000004,0.20000000000000004
2,39.2,10.0,10.0,19.0,10.0,10.0,19.0,0.0,0.0,0.0,0.0,0.0,0.0,0.0,0.0,0.0,0.0,0.0,0.0,0.0
3,39.2,0.0,0.0,19.0,0.0,0.0,19.0,0.0,0.0,0.0,0.0,0.0,0.0,0.0,0.0,0.0,0.0,0.0,0.0,0.0
0,39.4,19.0,19.0,1.5999999999999999,19.0,19.0,1.4,0.0,0.0,0.20000000000000004,0.0,0.0,0.0,0.0,0.0,0.20000000000000004,0.20000000000000004,0.0,0.20000000000000004,0.20000000000000004
1,39.4,19.0,0.0,1.5999999999999999,19.0,0.0,1.4,0.0,0.0,0.20000000000000004,0.0,0.0,0.0,0.0,0.0,0.20000000000000004,0.20000000000000004,0.0,0.20000000000000004,0.20000000000000004
2,39.4,10.0,10.0,19.0,10.0,10.0,19.0,0.0,0.0,0.0,0.0,0.0,0.0,0.0,0.0,0.0,0.0,0.0,0.0,0.0
3,39.4,0.0,0.0,19.0,0.0,0.0,19.0,0.0,0.0,0.0,0.0,0.0,0.0,0.0,0.0,0.0,0.0,0.0,0.0,0.0
0,39.6,19.0,19.0,1.8,19.0,19.0,1.6,0.0,0.0,0.20000000000000004,0.0,0.0,0.0,0.0,0.0,0.20000000000000004,0.20000000000000004,0.0,0.20000000000000004,0.20000000000000004
1,39.6,19.0,0.0,1.8,19.0,0.0,1.6,0.0,0.0,0.20000000000000004,0.0,0.0,0.0,0.0,0.0,0.20000000000000004,0.20000000000000004,0.0,0.20000000000000004,0.20000000000000004
2,39.6,10.0,10.0,19.0,10.0,10.0,19.0,0.0,0.0,0.0,0.0,0.0,0.0,0.0,0.0,0.0,0.0,0.0,0.0,0.0
3,39.6,0.0,0.0,19.0,0.0,0.0,19.0,0.0,0.0,0.0,0.0,0.0,0.0,0.0,0.0,0.0,0.0,0.0,0.0,0.0
0,39.8,19.0,19.0,2.0,19.0,19.0,1.8,0.0,0.0,0.19999999999999996,0.0,0.0,0.0,0.0,0.0,0.19999999999999996,0.19999999999999996,0.0,0.19999999999999996,0.19999999999999996
1,39.8,19.0,0.0,2.0,19.0,0.0,1.8,0.0,0.0,0.19999999999999996,0.0,0.0,0.0,0.0,0.0,0.19999999999999996,0.19999999999999996,0.0,0.19999999999999996,0.19999999999999996
2,39.8,10.0,10.0,19.0,10.0,10.0,19.0,0.0,0.0,0.0,0.0,0.0,0.0,0.0,0.0,0.0,0.0,0.0,0.0,0.0
3,39.8,0.0,0.0,19.0,0.0,0.0,19.0,0.0,0.0,0.0,0.0,0.0,0.0,0.0,0.0,0.0,0.0,0.0,0.0,0.0
0,40.0,19.0,19.0,2.2,19.0,19.0,2.0,0.0,0.0,0.20000000000000004,0.0,0.0,0.0,0.0,0.0,0.20000000000000004,0.20000000000000004,0.0,0.20000000000000004,0.20000000000000004
1,40.0,19.0,0.0,2.2,19.0,0.0,2.0,0.0,0.0,0.20000000000000004,0.0,0.0,0.0,0.0,0.0,0.20000000000000004,0.20000000000000004,0.0,0.20000000000000004,0.20000000000000004
2,40.0,10.0,10.0,19.0,10.0,10.0,19.0,0.0,0.0,0.0,0.0,0.0,0.0,0.0,0.0,0.0,0.0,0.0,0.0,0.0
3,40.0,0.0,0.0,19.0,0.0,0.0,19.0,0.0,0.0,0.0,0.0,0.0,0.0,0.0,0.0,0.0,0.0,0.0,0.0,0.0
0,40.2,19.0,19.0,2.4,19.0,19.0,2.2,0.0,0.0,0.19999999999999987,0.0,0.0,0.0,0.0,0.0,0.19999999999999987,0.19999999999999987,0.0,0.19999999999999987,0.19999999999999987
1,40.2,19.0,0.0,2.4,19.0,0.0,2.2,0.0,0.0,0.19999999999999987,0.0,0.0,0.0,0.0,0.0,0.19999999999999987,0.19999999999999987,0.0,0.19999999999999987,0.19999999999999987
2,40.2,10.0,10.0,19.0,10.0,10.0,19.0,0.0,0.0,0.0,0.0,0.0,0.0,0.0,0.0,0.0,0.0,0.0,0.0,0.0
3,40.2,0.0,0.0,19.0,0.0,0.0,19.0,0.0,0.0,0.0,0.0,0.0,0.0,0.0,0.0,0.0,0.0,0.0,0.0,0.0
0,40.4,19.0,19.0,2.6,19.0,19.0,2.4,0.0,0.0,0.20000000000000004,0.0,0.0,0.0,0.0,0.0,0.20000000000000004,0.20000000000000004,0.0,0.20000000000000004,0.20000000000000004
1,40.4,19.0,0.0,2.6,19.0,0.0,2.4,0.0,0.0,0.20000000000000004,0.0,0.0,0.0,0.0,0.0,0.20000000000000004,0.20000000000000004,0.0,0.20000000000000004,0.20000000000000004
2,40.4,10.0,10.0,19.0,10.0,10.0,19.0,0.0,0.0,0.0,0.0,0.0,0.0,0.0,0.0,0.0,0.0,0.0,0.0,0.0
3,40.4,0.0,0.0,19.0,0.0,0.0,19.0,0.0,0.0,0.0,0.0,0.0,0.0,0.0,0.0,0.0,0.0,0.0,0.0,0.0
0,40.6,19.0,19.0,2.8000000000000003,19.0,19.0,2.6,0.0,0.0,0.20000000000000004,0.0,0.0,0.0,0.0,0.0,0.20000000000000004,0.20000000000000004,0.0,0.20000000000000004,0.20000000000000004
1,40.6,19.0,0.0,2.8000000000000003,19.0,0.0,2.6,0.0,0.0,0.20000000000000004,0.0,0.0,0.0,0.0,0.0,0.20000000000000004,0.20000000000000004,0.0,0.20000000000000004,0.20000000000000004
2,40.6,10.0,10.0,19.0,10.0,10.0,19.0,0.0,0.0,0.0,0.0,0.0,0.0,0.0,0.0,0.0,0.0,0.0,0.0,0.0
3,40.6,0.0,0.0,19.0,0.0,0.0,19.0,0.0,0.0,0.0,0.0,0.0,0.0,0.0,0.0,0.0,0.0,0.0,0.0,0.0
0,40.8,19.0,19.0,3.0,19.0,19.0,2.8,0.0,0.0,0.20000000000000004,0.0,0.0,0.0,0.0,0.0,0.20000000000000004,0.20000000000000004,0.0,0.20000000000000004,0.20000000000000004
1,40.8,19.0,0.0,3.0,19.0,0.0,2.8,0.0,0.0,0.20000000000000004,0.0,0.0,0.0,0.0,0.0,0.20000000000000004,0.20000000000000004,0.0,0.20000000000000004,0.20000000000000004
2,40.8,10.0,10.0,19.0,10.0,10.0,19.0,0.0,0.0,0.0,0.0,0.0,0.0,0.0,0.0,0.0,0.0,0.0,0.0,0.0
3,40.8,0.0,0.0,19.0,0.0,0.0,19.0,0.0,0.0,0.0,0.0,0.0,0.0,0.0,0.0,0.0,0.0,0.0,0.0,0.0
0,41.0,19.0,19.0,3.2,19.0,19.0,3.0,0.0,0.0,0.20000000000000004,0.0,0.0,0.0,0.0,0.0,0.20000000000000004,0.20000000000000004,0.0,0.20000000000000004,0.20000000000000004
1,41.0,19.0,0.0,3.2,19.0,0.0,3.0,0.0,0.0,0.20000000000000004,0.0,0.0,0.0,0.0,0.0,0.20000000000000004,0.20000000000000004,0.0,0.20000000000000004,0.20000000000000004
2,41.0,10.0,10.0,19.0,10.0,10.0,19.0,0.0,0.0,0.0,0.0,0.0,0.0,0.0,0.0,0.0,0.0,0.0,0.0,0.0
3,41.0,0.0,0.0,19.0,0.0,0.0,19.0,0.0,0.0,0.0,0.0,0.0,0.0,0.0,0.0,0.0,0.0,0.0,0.0,0.0
0,41.2,19.0,19.0,3.4,19.0,19.0,3.2,0.0,0.0,0.19999999999999987,0.0,0.0,0.0,0.0,0.0,0.19999999999999987,0.19999999999999987,0.0,0.19999999999999987,0.19999999999999987
1,41.2,19.0,0.0,3.4,19.0,0.0,3.2,0.0,0.0,0.19999999999999987,0.0,0.0,0.0,0.0,0.0,0.19999999999999987,0.19999999999999987,0.0,0.19999999999999987,0.19999999999999987
2,41.2,10.0,10.0,19.0,10.0,10.0,19.0,0.0,0.0,0.0,0.0,0.0,0.0,0.0,0.0,0.0,0.0,0.0,0.0,0.0
3,41.2,0.0,0.0,19.0,0.0,0.0,19.0,0.0,0.0,0.0,0.0,0.0,0.0,0.0,0.0,0.0,0.0,0.0,0.0,0.0
0,41.4,19.0,19.0,3.6,19.0,19.0,3.4,0.0,0.0,0.20000000000000004,0.0,0.0,0.0,0.0,0.0,0.20000000000000004,0.20000000000000004,0.0,0.20000000000000004,0.20000000000000004
1,41.4,19.0,0.0,3.6,19.0,0.0,3.4,0.0,0.0,0.20000000000000004,0.0,0.0,0.0,0.0,0.0,0.20000000000000004,0.20000000000000004,0.0,0.20000000000000004,0.20000000000000004
2,41.4,10.0,10.0,19.0,10.0,10.0,19.0,0.0,0.0,0.0,0.0,0.0,0.0,0.0,0.0,0.0,0.0,0.0,0.0,0.0
3,41.4,0.0,0.0,19.0,0.0,0.0,19.0,0.0,0.0,0.0,0.0,0.0,0.0,0.0,0.0,0.0,0.0,0.0,0.0,0.0
0,41.6,19.0,19.0,3.8000000000000003,19.0,19.0,3.6,0.0,0.0,0.20000000000000004,0.0,0.0,0.0,0.0,0.0,0.20000000000000004,0.20000000000000004,0.0,0.20000000000000004,0.20000000000000004
1,41.6,19.0,0.0,3.8000000000000003,19.0,0.0,3.6,0.0,0.0,0.20000000000000004,0.0,0.0,0.0,0.0,0.0,0.20000000000000004,0.20000000000000004,0.0,0.20000000000000004,0.20000000000000004
2,41.6,10.0,10.0,19.0,10.0,10.0,19.0,0.0,0.0,0.0,0.0,0.0,0.0,0.0,0.0,0.0,0.0,0.0,0.0,0.0
3,41.6,0.0,0.0,19.0,0.0,0.0,19.0,0.0,0.0,0.0,0.0,0.0,0.0,0.0,0.0,0.0,0.0,0.0,0.0,0.0
0,41.8,19.0,19.0,4.0,19.0,19.0,3.8,0.0,0.0,0.20000000000000018,0.0,0.0,0.0,0.0,0.0,0.20000000000000018,0.20000000000000018,0.0,0.20000000000000018,0.20000000000000018
1,41.8,19.0,0.0,4.0,19.0,0.0,3.8,0.0,0.0,0.20000000000000018,0.0,0.0,0.0,0.0,0.0,0.20000000000000018,0.20000000000000018,0.0,0.20000000000000018,0.20000000000000018
2,41.8,10.0,10.0,19.0,10.0,10.0,19.0,0.0,0.0,0.0,0.0,0.0,0.0,0.0,0.0,0.0,0.0,0.0,0.0,0.0
3,41.8,0.0,0.0,19.0,0.0,0.0,19.0,0.0,0.0,0.0,0.0,0.0,0.0,0.0,0.0,0.0,0.0,0.0,0.0,0.0
0,42.0,19.0,19.0,4.2,19.0,19.0,4.0,0.0,0.0,0.19999999999999987,0.0,0.0,0.0,0.0,0.0,0.19999999999999987,0.19999999999999987,0.0,0.19999999999999987,0.19999999999999987
1,42.0,19.0,0.0,4.2,19.0,0.0,4.0,0.0,0.0,0.19999999999999987,0.0,0.0,0.0,0.0,0.0,0.19999999999999987,0.19999999999999987,0.0,0.19999999999999987,0.19999999999999987
2,42.0,10.0,10.0,19.0,10.0,10.0,19.0,0.0,0.0,0.0,0.0,0.0,0.0,0.0,0.0,0.0,0.0,0.0,0.0,0.0
3,42.0,0.0,0.0,19.0,0.0,0.0,19.0,0.0,0.0,0.0,0.0,0.0,0.0,0.0,0.0,0.0,0.0,0.0,0.0,0.0
0,42.2,19.0,19.0,4.4,19.0,19.0,4.2,0.0,0.0,0.19999999999999987,0.0,0.0,0.0,0.0,0.0,0.19999999999999987,0.19999999999999987,0.0,0.19999999999999987,0.19999999999999987
1,42.2,19.0,0.0,4.4,19.0,0.0,4.2,0.0,0.0,0.19999999999999987,0.0,0.0,0.0,0.0,0.0,0.19999999999999987,0.19999999999999987,0.0,0.19999999999999987,0.19999999999999987
2,42.2,10.0,10.0,19.0,10.0,10.0,19.0,0.0,0.0,0.0,0.0,0.0,0.0,0.0,0.0,0.0,0.0,0.0,0.0,0.0
3,42.2,0.0,0.0,19.0,0.0,0.0,19.0,0.0,0.0,0.0,0.0,0.0,0.0,0.0,0.0,0.0,0.0,0.0,0.0,0.0
0,42.4,19.0,19.0,4.6000000000000005,19.0,19.0,4.4,0.0,0.0,0.19999999999999987,0.0,0.0,0.0,0.0,0.0,0.19999999999999987,0.19999999999999987,0.0,0.19999999999999987,0.19999999999999987
1,42.4,19.0,0.0,4.6000000000000005,19.0,0.0,4.4,0.0,0.0,0.19999999999999987,0.0,0.0,0.0,0.0,0.0,0.19999999999999987,0.19999999999999987,0.0,0.19999999999999987,0.19999999999999987
2,42.4,10.0,10.0,19.0,10.0,10.0,19.0,0.0,0.0,0.0,0.0,0.0,0.0,0.0,0.0,0.0,0.0,0.0,0.0,0.0
3,42.4,0.0,0.0,19.0,0.0,0.0,19.0,0.0,0.0,0.0,0.0,0.0,0.0,0.0,0.0,0.0,0.0,0.0,0.0,0.0
0,42.6,19.0,19.0,4.8,19.0,19.0,4.6,0.0,0.0,0.20000000000000018,0.0,0.0,0.0,0.0,0.0,0.20000000000000018,0.20000000000000018,0.0,0.20000000000000018,0.20000000000000018
1,42.6,19.0,0.0,4.8,19.0,0.0,4.6,0.0,0.0,0.20000000000000018,0.0,0.0,0.0,0.0,0.0,0.20000000000000018,0.20000000000000018,0.0,0.20000000000000018,0.20000000000000018
2,42.6,10.0,10.0,19.0,10.0,10.0,19.0,0.0,0.0,0.0,0.0,0.0,0.0,0.0,0.0,0.0,0.0,0.0,0.0,0.0
3,42.6,0.0,0.0,19.0,0.0,0.0,19.0,0.0,0.0,0.0,0.0,0.0,0.0,0.0,0.0,0.0,0.0,0.0,0.0,0.0
0,42.8,19.0,19.0,5.0,19.0,19.0,4.8,0.0,0.0,0.20000000000000018,0.0,0.0,0.0,0.0,0.0,0.20000000000000018,0.20000000000000018,0.0,0.20000000000000018,0.20000000000000018
1,42.8,19.0,0.0,5.0,19.0,0.0,4.8,0.0,0.0,0.20000000000000018,0.0,0.0,0.0,0.0,0.0,0.20000000000000018,0.20000000000000018,0.0,0.20000000000000018,0.20000000000000018
2,42.8,10.0,10.0,19.0,10.0,10.0,19.0,0.0,0.0,0.0,0.0,0.0,0.0,0.0,0.0,0.0,0.0,0.0,0.0,0.0
3,42.8,0.0,0.0,19.0,0.0,0.0,19.0,0.0,0.0,0.0,0.0,0.0,0.0,0.0,0.0,0.0,0.0,0.0,0.0,0.0
0,43.0,19.0,19.0,5.2,19.0,19.0,5.0,0.0,0.0,0.19999999999999987,0.0,0.0,0.0,0.0,0.0,0.19999999999999987,0.19999999999999987,0.0,0.19999999999999987,0.19999999999999987
1,43.0,19.0,0.0,5.2,19.0,0.0,5.0,0.0,0.0,0.19999999999999987,0.0,0.0,0.0,0.0,0.0,0.19999999999999987,0.19999999999999987,0.0,0.19999999999999987,0.19999999999999987
2,43.0,10.0,10.0,19.0,10.0,10.0,19.0,0.0,0.0,0.0,0.0,0.0,0.0,0.0,0.0,0.0,0.0,0.0,0.0,0.0
3,43.0,0.0,0.0,19.0,0.0,0.0,19.0,0.0,0.0,0.0,0.0,0.0,0.0,0.0,0.0,0.0,0.0,0.0,0.0,0.0
0,43.2,19.0,19.0,5.4,19.0,19.0,5.2,0.0,0.0,0.19999999999999987,0.0,0.0,0.0,0.0,0.0,0.19999999999999987,0.19999999999999987,0.0,0.19999999999999987,0.19999999999999987
1,43.2,19.0,0.0,5.4,19.0,0.0,5.2,0.0,0.0,0.19999999999999987,0.0,0.0,0.0,0.0,0.0,0.19999999999999987,0.19999999999999987,0.0,0.19999999999999987,0.19999999999999987
2,43.2,10.0,10.0,19.0,10.0,10.0,19.0,0.0,0.0,0.0,0.0,0.0,0.0,0.0,0.0,0.0,0.0,0.0,0.0,0.0
3,43.2,0.0,0.0,19.0,0.0,0.0,19.0,0.0,0.0,0.0,0.0,0.0,0.0,0.0,0.0,0.0,0.0,0.0,0.0,0.0
0,43.4,19.0,19.0,5.6000000000000005,19.0,19.0,5.4,0.0,0.0,0.19999999999999987,0.0,0.0,0.0,0.0,0.0,0.19999999999999987,0.19999999999999987,0.0,0.19999999999999987,0.19999999999999987
1,43.4,19.0,0.0,5.6000000000000005,19.0,0.0,5.4,0.0,0.0,0.19999999999999987,0.0,0.0,0.0,0.0,0.0,0.19999999999999987,0.19999999999999987,0.0,0.19999999999999987,0.19999999999999987
2,43.4,10.0,10.0,19.0,10.0,10.0,19.0,0.0,0.0,0.0,0.0,0.0,0.0,0.0,0.0,0.0,0.0,0.0,0.0,0.0
3,43.4,0.0,0.0,19.0,0.0,0.0,19.0,0.0,0.0,0.0,0.0,0.0,0.0,0.0,0.0,0.0,0.0,0.0,0.0,0.0
0,43.6,19.0,19.0,5.8,19.0,19.0,5.6,0.0,0.0,0.20000000000000018,0.0,0.0,0.0,0.0,0.0,0.20000000000000018,0.20000000000000018,0.0,0.20000000000000018,0.20000000000000018
1,43.6,19.0,0.0,5.8,19.0,0.0,5.6,0.0,0.0,0.20000000000000018,0.0,0.0,0.0,0.0,0.0,0.20000000000000018,0.20000000000000018,0.0,0.20000000000000018,0.20000000000000018
2,43.6,10.0,10.0,19.0,10.0,10.0,19.0,0.0,0.0,0.0,0.0,0.0,0.0,0.0,0.0,0.0,0.0,0.0,0.0,0.0
3,43.6,0.0,0.0,19.0,0.0,0.0,19.0,0.0,0.0,0.0,0.0,0.0,0.0,0.0,0.0,0.0,0.0,0.0,0.0,0.0
0,43.8,19.0,19.0,6.0,19.0,19.0,5.8,0.0,0.0,0.20000000000000018,0.0,0.0,0.0,0.0,0.0,0.20000000000000018,0.20000000000000018,0.0,0.20000000000000018,0.20000000000000018
1,43.8,19.0,0.0,6.0,19.0,0.0,5.8,0.0,0.0,0.20000000000000018,0.0,0.0,0.0,0.0,0.0,0.20000000000000018,0.20000000000000018,0.0,0.20000000000000018,0.20000000000000018
2,43.8,10.0,10.0,19.0,10.0,10.0,19.0,0.0,0.0,0.0,0.0,0.0,0.0,0.0,0.0,0.0,0.0,0.0,0.0,0.0
3,43.8,0.0,0.0,19.0,0.0,0.0,19.0,0.0,0.0,0.0,0.0,0.0,0.0,0.0,0.0,0.0,0.0,0.0,0.0,0.0
0,44.0,19.0,19.0,6.2,19.0,19.0,6.0,0.0,0.0,0.19999999999999987,0.0,0.0,0.0,0.0,0.0,0.19999999999999987,0.19999999999999987,0.0,0.19999999999999987,0.19999999999999987
1,44.0,19.0,0.0,6.2,19.0,0.0,6.0,0.0,0.0,0.19999999999999987,0.0,0.0,0.0,0.0,0.0,0.19999999999999987,0.19999999999999987,0.0,0.19999999999999987,0.19999999999999987
2,44.0,10.0,10.0,19.0,10.0,10.0,19.0,0.0,0.0,0.0,0.0,0.0,0.0,0.0,0.0,0.0,0.0,0.0,0.0,0.0
3,44.0,0.0,0.0,19.0,0.0,0.0,19.0,0.0,0.0,0.0,0.0,0.0,0.0,0.0,0.0,0.0,0.0,0.0,0.0,0.0
0,44.2,19.0,19.0,6.4,19.0,19.0,6.2,0.0,0.0,0.19999999999999987,0.0,0.0,0.0,0.0,0.0,0.19999999999999987,0.19999999999999987,0.0,0.19999999999999987,0.19999999999999987
1,44.2,19.0,0.0,6.4,19.0,0.0,6.2,0.0,0.0,0.19999999999999987,0.0,0.0,0.0,0.0,0.0,0.19999999999999987,0.19999999999999987,0.0,0.19999999999999987,0.19999999999999987
2,44.2,10.0,10.0,19.0,10.0,10.0,19.0,0.0,0.0,0.0,0.0,0.0,0.0,0.0,0.0,0.0,0.0,0.0,0.0,0.0
3,44.2,0.0,0.0,19.0,0.0,0.0,19.0,0.0,0.0,0.0,0.0,0.0,0.0,0.0,0.0,0.0,0.0,0.0,0.0,0.0
0,44.4,19.0,19.0,6.6000000000000005,19.0,19.0,6.4,0.0,0.0,0.19999999999999987,0.0,0.0,0.0,0.0,0.0,0.19999999999999987,0.19999999999999987,0.0,0.19999999999999987,0.19999999999999987
1,44.4,19.0,0.0,6.6000000000000005,19.0,0.0,6.4,0.0,0.0,0.19999999999999987,0.0,0.0,0.0,0.0,0.0,0.19999999999999987,0.19999999999999987,0.0,0.19999999999999987,0.19999999999999987
2,44.4,10.0,10.0,19.0,10.0,10.0,19.0,0.0,0.0,0.0,0.0,0.0,0.0,0.0,0.0,0.0,0.0,0.0,0.0,0.0
3,44.4,0.0,0.0,19.0,0.0,0.0,19.0,0.0,0.0,0.0,0.0,0.0,0.0,0.0,0.0,0.0,0.0,0.0,0.0,0.0
0,44.6,19.0,19.0,6.8,19.0,19.0,6.6,0.0,0.0,0.20000000000000018,0.0,0.0,0.0,0.0,0.0,0.20000000000000018,0.20000000000000018,0.0,0.20000000000000018,0.20000000000000018
1,44.6,19.0,0.0,6.8,19.0,0.0,6.6,0.0,0.0,0.20000000000000018,0.0,0.0,0.0,0.0,0.0,0.20000000000000018,0.20000000000000018,0.0,0.20000000000000018,0.20000000000000018
2,44.6,10.0,10.0,19.0,10.0,10.0,19.0,0.0,0.0,0.0,0.0,0.0,0.0,0.0,0.0,0.0,0.0,0.0,0.0,0.0
3,44.6,0.0,0.0,19.0,0.0,0.0,19.0,0.0,0.0,0.0,0.0,0.0,0.0,0.0,0.0,0.0,0.0,0.0,0.0,0.0
0,44.8,19.0,19.0,7.0,19.0,19.0,6.8,0.0,0.0,0.20000000000000018,0.0,0.0,0.0,0.0,0.0,0.20000000000000018,0.20000000000000018,0.0,0.20000000000000018,0.20000000000000018
1,44.8,19.0,0.0,7.0,19.0,0.0,6.8,0.0,0.0,0.20000000000000018,0.0,0.0,0.0,0.0,0.0,0.20000000000000018,0.20000000000000018,0.0,0.20000000000000018,0.20000000000000018
2,44.8,10.0,10.0,19.0,10.0,10.0,19.0,0.0,0.0,0.0,0.0,0.0,0.0,0.0,0.0,0.0,0.0,0.0,0.0,0.0
3,44.8,0.0,0.0,19.0,0.0,0.0,19.0,0.0,0.0,0.0,0.0,0.0,0.0,0.0,0.0,0.0,0.0,0.0,0.0,0.0
0,45.0,19.0,19.0,7.2,19.0,19.0,7.0,0.0,0.0,0.19999999999999987,0.0,0.0,0.0,0.0,0.0,0.19999999999999987,0.19999999999999987,0.0,0.19999999999999987,0.19999999999999987
1,45.0,19.0,0.0,7.2,19.0,0.0,7.0,0.0,0.0,0.19999999999999987,0.0,0.0,0.0,0.0,0.0,0.19999999999999987,0.19999999999999987,0.0,0.19999999999999987,0.19999999999999987
2,45.0,10.0,10.0,19.0,10.0,10.0,19.0,0.0,0.0,0.0,0.0,0.0,0.0,0.0,0.0,0.0,0.0,0.0,0.0,0.0
3,45.0,0.0,0.0,19.0,0.0,0.0,19.0,0.0,0.0,0.0,0.0,0.0,0.0,0.0,0.0,0.0,0.0,0.0,0.0,0.0
0,45.2,19.0,19.0,7.4,19.0,19.0,7.2,0.0,0.0,0.19999999999999987,0.0,0.0,0.0,0.0,0.0,0.19999999999999987,0.19999999999999987,0.0,0.19999999999999987,0.19999999999999987
1,45.2,19.0,0.0,7.4,19.0,0.0,7.2,0.0,0.0,0.19999999999999987,0.0,0.0,0.0,0.0,0.0,0.19999999999999987,0.19999999999999987,0.0,0.19999999999999987,0.19999999999999987
2,45.2,10.0,10.0,19.0,10.0,10.0,19.0,0.0,0.0,0.0,0.0,0.0,0.0,0.0,0.0,0.0,0.0,0.0,0.0,0.0
3,45.2,0.0,0.0,19.0,0.0,0.0,19.0,0.0,0.0,0.0,0.0,0.0,0.0,0.0,0.0,0.0,0.0,0.0,0.0,0.0
0,45.4,19.0,19.0,7.6000000000000005,19.0,19.0,7.4,0.0,0.0,0.19999999999999987,0.0,0.0,0.0,0.0,0.0,0.19999999999999987,0.19999999999999987,0.0,0.19999999999999987,0.19999999999999987
1,45.4,19.0,0.0,7.6000000000000005,19.0,0.0,7.4,0.0,0.0,0.19999999999999987,0.0,0.0,0.0,0.0,0.0,0.19999999999999987,0.19999999999999987,0.0,0.19999999999999987,0.19999999999999987
2,45.4,10.0,10.0,19.0,10.0,10.0,19.0,0.0,0.0,0.0,0.0,0.0,0.0,0.0,0.0,0.0,0.0,0.0,0.0,0.0
3,45.4,0.0,0.0,19.0,0.0,0.0,19.0,0.0,0.0,0.0,0.0,0.0,0.0,0.0,0.0,0.0,0.0,0.0,0.0,0.0
0,45.6,19.0,19.0,7.8,19.0,19.0,7.6,0.0,0.0,0.19999999999999987,0.0,0.0,0.0,0.0,0.0,0.19999999999999987,0.19999999999999987,0.0,0.19999999999999987,0.19999999999999987
1,45.6,19.0,0.0,7.8,19.0,0.0,7.6,0.0,0.0,0.19999999999999987,0.0,0.0,0.0,0.0,0.0,0.19999999999999987,0.19999999999999987,0.0,0.19999999999999987,0.19999999999999987
2,45.6,10.0,10.0,19.0,10.0,10.0,19.0,0.0,0.0,0.0,0.0,0.0,0.0,0.0,0.0,0.0,0.0,0.0,0.0,0.0
3,45.6,0.0,0.0,19.0,0.0,0.0,19.0,0.0,0.0,0.0,0.0,0.0,0.0,0.0,0.0,0.0,0.0,0.0,0.0,0.0
0,45.8,19.0,19.0,8.0,19.0,19.0,7.8,0.0,0.0,0.20000000000000018,0.0,0.0,0.0,0.0,0.0,0.20000000000000018,0.20000000000000018,0.0,0.20000000000000018,0.20000000000000018
1,45.8,19.0,0.0,8.0,19.0,0.0,7.8,0.0,0.0,0.20000000000000018,0.0,0.0,0.0,0.0,0.0,0.20000000000000018,0.20000000000000018,0.0,0.20000000000000018,0.20000000000000018
2,45.8,10.0,10.0,19.0,10.0,10.0,19.0,0.0,0.0,0.0,0.0,0.0,0.0,0.0,0.0,0.0,0.0,0.0,0.0,0.0
3,45.8,0.0,0.0,19.0,0.0,0.0,19.0,0.0,0.0,0.0,0.0,0.0,0.0,0.0,0.0,0.0,0.0,0.0,0.0,0.0
0,46.0,19.0,19.0,8.2,19.0,19.0,8.0,0.0,0.0,0.19999999999999987,0.0,0.0,0.0,0.0,0.0,0.19999999999999987,0.19999999999999987,0.0,0.19999999999999987,0.19999999999999987
1,46.0,19.0,0.0,8.2,19.0,0.0,8.0,0.0,0.0,0.19999999999999987,0.0,0.0,0.0,0.0,0.0,0.19999999999999987,0.19999999999999987,0.0,0.19999999999999987,0.19999999999999987
2,46.0,10.0,10.0,19.0,10.0,10.0,19.0,0.0,0.0,0.0,0.0,0.0,0.0,0.0,0.0,0.0,0.0,0.0,0.0,0.0
3,46.0,0.0,0.0,19.0,0.0,0.0,19.0,0.0,0.0,0.0,0.0,0.0,0.0,0.0,0.0,0.0,0.0,0.0,0.0,0.0
0,46.2,19.0,19.0,8.4,19.0,19.0,8.2,0.0,0.0,0.20000000000000048,0.0,0.0,0.0,0.0,0.0,0.20000000000000048,0.20000000000000048,0.0,0.20000000000000048,0.20000000000000048
1,46.2,19.0,0.0,8.4,19.0,0.0,8.2,0.0,0.0,0.20000000000000048,0.0,0.0,0.0,0.0,0.0,0.20000000000000048,0.20000000000000048,0.0,0.20000000000000048,0.20000000000000048
2,46.2,10.0,10.0,19.0,10.0,10.0,19.0,0.0,0.0,0.0,0.0,0.0,0.0,0.0,0.0,0.0,0.0,0.0,0.0,0.0
3,46.2,0.0,0.0,19.0,0.0,0.0,19.0,0.0,0.0,0.0,0.0,0.0,0.0,0.0,0.0,0.0,0.0,0.0,0.0,0.0
0,46.4,19.0,19.0,8.6,19.0,19.0,8.4,0.0,0.0,0.19999999999999987,0.0,0.0,0.0,0.0,0.0,0.19999999999999987,0.19999999999999987,0.0,0.19999999999999987,0.19999999999999987
1,46.4,19.0,0.0,8.6,19.0,0.0,8.4,0.0,0.0,0.19999999999999987,0.0,0.0,0.0,0.0,0.0,0.19999999999999987,0.19999999999999987,0.0,0.19999999999999987,0.19999999999999987
2,46.4,10.0,10.0,19.0,10.0,10.0,19.0,0.0,0.0,0.0,0.0,0.0,0.0,0.0,0.0,0.0,0.0,0.0,0.0,0.0
3,46.4,0.0,0.0,19.0,0.0,0.0,19.0,0.0,0.0,0.0,0.0,0.0,0.0,0.0,0.0,0.0,0.0,0.0,0.0,0.0
0,46.6,19.0,19.0,8.799999999999999,19.0,19.0,8.6,0.0,0.0,0.19999999999999987,0.0,0.0,0.0,0.0,0.0,0.19999999999999987,0.19999999999999987,0.0,0.19999999999999987,0.19999999999999987
1,46.6,19.0,0.0,8.799999999999999,19.0,0.0,8.6,0.0,0.0,0.19999999999999987,0.0,0.0,0.0,0.0,0.0,0.19999999999999987,0.19999999999999987,0.0,0.19999999999999987,0.19999999999999987
2,46.6,10.0,10.0,19.0,10.0,10.0,19.0,0.0,0.0,0.0,0.0,0.0,0.0,0.0,0.0,0.0,0.0,0.0,0.0,0.0
3,46.6,0.0,0.0,19.0,0.0,0.0,19.0,0.0,0.0,0.0,0.0,0.0,0.0,0.0,0.0,0.0,0.0,0.0,0.0,0.0
0,46.8,19.0,19.0,9.0,19.0,19.0,8.8,0.0,0.0,0.19999999999999987,0.0,0.0,0.0,0.0,0.0,0.19999999999999987,0.19999999999999987,0.0,0.19999999999999987,0.19999999999999987
1,46.8,19.0,0.0,9.0,19.0,0.0,8.8,0.0,0.0,0.19999999999999987,0.0,0.0,0.0,0.0,0.0,0.19999999999999987,0.19999999999999987,0.0,0.19999999999999987,0.19999999999999987
2,46.8,10.0,10.0,19.0,10.0,10.0,19.0,0.0,0.0,0.0,0.0,0.0,0.0,0.0,0.0,0.0,0.0,0.0,0.0,0.0
3,46.8,0.0,0.0,19.0,0.0,0.0,19.0,0.0,0.0,0.0,0.0,0.0,0.0,0.0,0.0,0.0,0.0,0.0,0.0,0.0
0,47.0,19.0,19.0,9.2,19.0,19.0,9.0,0.0,0.0,0.19999999999999987,0.0,0.0,0.0,0.0,0.0,0.19999999999999987,0.19999999999999987,0.0,0.19999999999999987,0.19999999999999987
1,47.0,19.0,0.0,9.2,19.0,0.0,9.0,0.0,0.0,0.19999999999999987,0.0,0.0,0.0,0.0,0.0,0.19999999999999987,0.19999999999999987,0.0,0.19999999999999987,0.19999999999999987
2,47.0,10.0,10.0,19.0,10.0,10.0,19.0,0.0,0.0,0.0,0.0,0.0,0.0,0.0,0.0,0.0,0.0,0.0,0.0,0.0
3,47.0,0.0,0.0,19.0,0.0,0.0,19.0,0.0,0.0,0.0,0.0,0.0,0.0,0.0,0.0,0.0,0.0,0.0,0.0,0.0
0,47.2,19.0,19.0,9.4,19.0,19.0,9.2,0.0,0.0,0.20000000000000048,0.0,0.0,0.0,0.0,0.0,0.20000000000000048,0.20000000000000048,0.0,0.20000000000000048,0.20000000000000048
1,47.2,19.0,0.0,9.4,19.0,0.0,9.2,0.0,0.0,0.20000000000000048,0.0,0.0,0.0,0.0,0.0,0.20000000000000048,0.20000000000000048,0.0,0.20000000000000048,0.20000000000000048
2,47.2,10.0,10.0,19.0,10.0,10.0,19.0,0.0,0.0,0.0,0.0,0.0,0.0,0.0,0.0,0.0,0.0,0.0,0.0,0.0
3,47.2,0.0,0.0,19.0,0.0,0.0,19.0,0.0,0.0,0.0,0.0,0.0,0.0,0.0,0.0,0.0,0.0,0.0,0.0,0.0
0,47.4,19.0,19.0,9.6,19.0,19.0,9.4,0.0,0.0,0.19999999999999987,0.0,0.0,0.0,0.0,0.0,0.19999999999999987,0.19999999999999987,0.0,0.19999999999999987,0.19999999999999987
1,47.4,19.0,0.0,9.6,19.0,0.0,9.4,0.0,0.0,0.19999999999999987,0.0,0.0,0.0,0.0,0.0,0.19999999999999987,0.19999999999999987,0.0,0.19999999999999987,0.19999999999999987
2,47.4,10.0,10.0,19.0,10.0,10.0,19.0,0.0,0.0,0.0,0.0,0.0,0.0,0.0,0.0,0.0,0.0,0.0,0.0,0.0
3,47.4,0.0,0.0,19.0,0.0,0.0,19.0,0.0,0.0,0.0,0.0,0.0,0.0,0.0,0.0,0.0,0.0,0.0,0.0,0.0
0,47.6,19.0,19.0,9.799999999999999,19.0,19.0,9.6,0.0,0.0,0.19999999999999987,0.0,0.0,0.0,0.0,0.0,0.19999999999999987,0.19999999999999987,0.0,0.19999999999999987,0.19999999999999987
1,47.6,19.0,0.0,9.799999999999999,19.0,0.0,9.6,0.0,0.0,0.19999999999999987,0.0,0.0,0.0,0.0,0.0,0.19999999999999987,0.19999999999999987,0.0,0.19999999999999987,0.19999999999999987
2,47.6,10.0,10.0,19.0,10.0,10.0,19.0,0.0,0.0,0.0,0.0,0.0,0.0,0.0,0.0,0.0,0.0,0.0,0.0,0.0
3,47.6,0.0,0.0,19.0,0.0,0.0,19.0,0.0,0.0,0.0,0.0,0.0,0.0,0.0,0.0,0.0,0.0,0.0,0.0,0.0
0,47.8,19.0,19.0,10.0,19.0,19.0,9.8,0.0,0.0,0.19999999999999987,0.0,0.0,0.0,0.0,0.0,0.19999999999999987,0.19999999999999987,0.0,0.19999999999999987,0.19999999999999987
1,47.8,19.0,0.0,10.0,19.0,0.0,9.8,0.0,0.0,0.19999999999999987,0.0,0.0,0.0,0.0,0.0,0.19999999999999987,0.19999999999999987,0.0,0.19999999999999987,0.19999999999999987
2,47.8,10.0,10.0,19.0,10.0,10.0,19.0,0.0,0.0,0.0,0.0,0.0,0.0,0.0,0.0,0.0,0.0,0.0,0.0,0.0
3,47.8,0.0,0.0,19.0,0.0,0.0,19.0,0.0,0.0,0.0,0.0,0.0,0.0,0.0,0.0,0.0,0.0,0.0,0.0,0.0
0,48.0,19.0,19.0,10.2,19.0,19.0,10.0,0.0,0.0,0.19999999999999987,0.0,0.0,0.0,0.0,0.0,0.19999999999999987,0.19999999999999987,0.0,0.19999999999999987,0.19999999999999987
1,48.0,19.0,0.0,10.2,19.0,0.0,10.0,0.0,0.0,0.19999999999999987,0.0,0.0,0.0,0.0,0.0,0.19999999999999987,0.19999999999999987,0.0,0.19999999999999987,0.19999999999999987
2,48.0,10.0,10.0,19.0,10.0,10.0,19.0,0.0,0.0,0.0,0.0,0.0,0.0,0.0,0.0,0.0,0.0,0.0,0.0,0.0
3,48.0,0.0,0.0,19.0,0.0,0.0,19.0,0.0,0.0,0.0,0.0,0.0,0.0,0.0,0.0,0.0,0.0,0.0,0.0,0.0
0,48.2,19.0,19.0,10.4,19.0,19.0,10.2,0.0,0.0,0.20000000000000048,0.0,0.0,0.0,0.0,0.0,0.20000000000000048,0.20000000000000048,0.0,0.20000000000000048,0.20000000000000048
1,48.2,19.0,0.0,10.4,19.0,0.0,10.2,0.0,0.0,0.20000000000000048,0.0,0.0,0.0,0.0,0.0,0.20000000000000048,0.20000000000000048,0.0,0.20000000000000048,0.20000000000000048
2,48.2,10.0,10.0,19.0,10.0,10.0,19.0,0.0,0.0,0.0,0.0,0.0,0.0,0.0,0.0,0.0,0.0,0.0,0.0,0.0
3,48.2,0.0,0.0,19.0,0.0,0.0,19.0,0.0,0.0,0.0,0.0,0.0,0.0,0.0,0.0,0.0,0.0,0.0,0.0,0.0
0,48.4,19.0,19.0,10.6,19.0,19.0,10.4,0.0,0.0,0.19999999999999987,0.0,0.0,0.0,0.0,0.0,0.19999999999999987,0.19999999999999987,0.0,0.19999999999999987,0.19999999999999987
1,48.4,19.0,0.0,10.6,19.0,0.0,10.4,0.0,0.0,0.19999999999999987,0.0,0.0,0.0,0.0,0.0,0.19999999999999987,0.19999999999999987,0.0,0.19999999999999987,0.19999999999999987
2,48.4,10.0,10.0,19.0,10.0,10.0,19.0,0.0,0.0,0.0,0.0,0.0,0.0,0.0,0.0,0.0,0.0,0.0,0.0,0.0
3,48.4,0.0,0.0,19.0,0.0,0.0,19.0,0.0,0.0,0.0,0.0,0.0,0.0,0.0,0.0,0.0,0.0,0.0,0.0,0.0
0,48.6,19.0,19.0,10.799999999999999,19.0,19.0,10.6,0.0,0.0,0.19999999999999987,0.0,0.0,0.0,0.0,0.0,0.19999999999999987,0.19999999999999987,0.0,0.19999999999999987,0.19999999999999987
1,48.6,19.0,0.0,10.799999999999999,19.0,0.0,10.6,0.0,0.0,0.19999999999999987,0.0,0.0,0.0,0.0,0.0,0.19999999999999987,0.19999999999999987,0.0,0.19999999999999987,0.19999999999999987
2,48.6,10.0,10.0,19.0,10.0,10.0,19.0,0.0,0.0,0.0,0.0,0.0,0.0,0.0,0.0,0.0,0.0,0.0,0.0,0.0
3,48.6,0.0,0.0,19.0,0.0,0.0,19.0,0.0,0.0,0.0,0.0,0.0,0.0,0.0,0.0,0.0,0.0,0.0,0.0,0.0
0,48.8,19.0,19.0,11.0,19.0,19.0,10.8,0.0,0.0,0.19999999999999987,0.0,0.0,0.0,0.0,0.0,0.19999999999999987,0.19999999999999987,0.0,0.19999999999999987,0.19999999999999987
1,48.8,19.0,0.0,11.0,19.0,0.0,10.8,0.0,0.0,0.19999999999999987,0.0,0.0,0.0,0.0,0.0,0.19999999999999987,0.19999999999999987,0.0,0.19999999999999987,0.19999999999999987
2,48.8,10.0,10.0,19.0,10.0,10.0,19.0,0.0,0.0,0.0,0.0,0.0,0.0,0.0,0.0,0.0,0.0,0.0,0.0,0.0
3,48.8,0.0,0.0,19.0,0.0,0.0,19.0,0.0,0.0,0.0,0.0,0.0,0.0,0.0,0.0,0.0,0.0,0.0,0.0,0.0
0,49.0,19.0,19.0,11.2,19.0,19.0,11.0,0.0,0.0,0.19999999999999987,0.0,0.0,0.0,0.0,0.0,0.19999999999999987,0.19999999999999987,0.0,0.19999999999999987,0.19999999999999987
1,49.0,19.0,0.0,11.2,19.0,0.0,11.0,0.0,0.0,0.19999999999999987,0.0,0.0,0.0,0.0,0.0,0.19999999999999987,0.19999999999999987,0.0,0.19999999999999987,0.19999999999999987
2,49.0,10.0,10.0,19.0,10.0,10.0,19.0,0.0,0.0,0.0,0.0,0.0,0.0,0.0,0.0,0.0,0.0,0.0,0.0,0.0
3,49.0,0.0,0.0,19.0,0.0,0.0,19.0,0.0,0.0,0.0,0.0,0.0,0.0,0.0,0.0,0.0,0.0,0.0,0.0,0.0
0,49.2,19.0,19.0,11.4,19.0,19.0,11.2,0.0,0.0,0.20000000000000048,0.0,0.0,0.0,0.0,0.0,0.20000000000000048,0.20000000000000048,0.0,0.20000000000000048,0.20000000000000048
1,49.2,19.0,0.0,11.4,19.0,0.0,11.2,0.0,0.0,0.20000000000000048,0.0,0.0,0.0,0.0,0.0,0.20000000000000048,0.20000000000000048,0.0,0.20000000000000048,0.20000000000000048
2,49.2,10.0,10.0,19.0,10.0,10.0,19.0,0.0,0.0,0.0,0.0,0.0,0.0,0.0,0.0,0.0,0.0,0.0,0.0,0.0
3,49.2,0.0,0.0,19.0,0.0,0.0,19.0,0.0,0.0,0.0,0.0,0.0,0.0,0.0,0.0,0.0,0.0,0.0,0.0,0.0
0,49.4,19.0,19.0,11.6,19.0,19.0,11.4,0.0,0.0,0.19999999999999987,0.0,0.0,0.0,0.0,0.0,0.19999999999999987,0.19999999999999987,0.0,0.19999999999999987,0.19999999999999987
1,49.4,19.0,0.0,11.6,19.0,0.0,11.4,0.0,0.0,0.19999999999999987,0.0,0.0,0.0,0.0,0.0,0.19999999999999987,0.19999999999999987,0.0,0.19999999999999987,0.19999999999999987
2,49.4,10.0,10.0,19.0,10.0,10.0,19.0,0.0,0.0,0.0,0.0,0.0,0.0,0.0,0.0,0.0,0.0,0.0,0.0,0.0
3,49.4,0.0,0.0,19.0,0.0,0.0,19.0,0.0,0.0,0.0,0.0,0.0,0.0,0.0,0.0,0.0,0.0,0.0,0.0,0.0
0,49.6,19.0,19.0,11.799999999999999,19.0,19.0,11.6,0.0,0.0,0.19999999999999987,0.0,0.0,0.0,0.0,0.0,0.19999999999999987,0.19999999999999987,0.0,0.19999999999999987,0.19999999999999987
1,49.6,19.0,0.0,11.799999999999999,19.0,0.0,11.6,0.0,0.0,0.19999999999999987,0.0,0.0,0.0,0.0,0.0,0.19999999999999987,0.19999999999999987,0.0,0.19999999999999987,0.19999999999999987
2,49.6,10.0,10.0,19.0,10.0,10.0,19.0,0.0,0.0,0.0,0.0,0.0,0.0,0.0,0.0,0.0,0.0,0.0,0.0,0.0
3,49.6,0.0,0.0,19.0,0.0,0.0,19.0,0.0,0.0,0.0,0.0,0.0,0.0,0.0,0.0,0.0,0.0,0.0,0.0,0.0
0,49.8,19.0,19.0,12.0,19.0,19.0,11.8,0.0,0.0,0.19999999999999987,0.0,0.0,0.0,0.0,0.0,0.19999999999999987,0.19999999999999987,0.0,0.19999999999999987,0.19999999999999987
1,49.8,19.0,0.0,12.0,19.0,0.0,11.8,0.0,0.0,0.19999999999999987,0.0,0.0,0.0,0.0,0.0,0.19999999999999987,0.19999999999999987,0.0,0.19999999999999987,0.19999999999999987
2,49.8,10.0,10.0,19.0,10.0,10.0,19.0,0.0,0.0,0.0,0.0,0.0,0.0,0.0,0.0,0.0,0.0,0.0,0.0,0.0
3,49.8,0.0,0.0,19.0,0.0,0.0,19.0,0.0,0.0,0.0,0.0,0.0,0.0,0.0,0.0,0.0,0.0,0.0,0.0,0.0
0,50.0,19.0,19.0,12.2,19.0,19.0,12.0,0.0,0.0,0.19999999999999987,0.0,0.0,0.0,0.0,0.0,0.19999999999999987,0.19999999999999987,0.0,0.19999999999999987,0.19999999999999987
1,50.0,19.0,0.0,12.2,19.0,0.0,12.0,0.0,0.0,0.19999999999999987,0.0,0.0,0.0,0.0,0.0,0.19999999999999987,0.19999999999999987,0.0,0.19999999999999987,0.19999999999999987
2,50.0,10.0,10.0,19.0,10.0,10.0,19.0,0.0,0.0,0.0,0.0,0.0,0.0,0.0,0.0,0.0,0.0,0.0,0.0,0.0
3,50.0,0.0,0.0,19.0,0.0,0.0,19.0,0.0,0.0,0.0,0.0,0.0,0.0,0.0,0.0,0.0,0.0,0.0,0.0,0.0
0,50.2,19.0,19.0,12.4,19.0,19.0,12.2,0.0,0.0,0.20000000000000048,0.0,0.0,0.0,0.0,0.0,0.20000000000000048,0.20000000000000048,0.0,0.20000000000000048,0.20000000000000048
1,50.2,19.0,0.0,12.4,19.0,0.0,12.2,0.0,0.0,0.20000000000000048,0.0,0.0,0.0,0.0,0.0,0.20000000000000048,0.20000000000000048,0.0,0.20000000000000048,0.20000000000000048
2,50.2,10.0,10.0,19.0,10.0,10.0,19.0,0.0,0.0,0.0,0.0,0.0,0.0,0.0,0.0,0.0,0.0,0.0,0.0,0.0
3,50.2,0.0,0.0,19.0,0.0,0.0,19.0,0.0,0.0,0.0,0.0,0.0,0.0,0.0,0.0,0.0,0.0,0.0,0.0,0.0
0,50.4,19.0,19.0,12.6,19.0,19.0,12.4,0.0,0.0,0.19999999999999987,0.0,0.0,0.0,0.0,0.0,0.19999999999999987,0.19999999999999987,0.0,0.19999999999999987,0.19999999999999987
1,50.4,19.0,0.0,12.6,19.0,0.0,12.4,0.0,0.0,0.19999999999999987,0.0,0.0,0.0,0.0,0.0,0.19999999999999987,0.19999999999999987,0.0,0.19999999999999987,0.19999999999999987
2,50.4,10.0,10.0,19.0,10.0,10.0,19.0,0.0,0.0,0.0,0.0,0.0,0.0,0.0,0.0,0.0,0.0,0.0,0.0,0.0
3,50.4,0.0,0.0,19.0,0.0,0.0,19.0,0.0,0.0,0.0,0.0,0.0,0.0,0.0,0.0,0.0,0.0,0.0,0.0,0.0
0,50.6,19.0,19.0,12.799999999999999,19.0,19.0,12.6,0.0,0.0,0.19999999999999987,0.0,0.0,0.0,0.0,0.0,0.19999999999999987,0.19999999999999987,0.0,0.19999999999999987,0.19999999999999987
1,50.6,19.0,0.0,12.799999999999999,19.0,0.0,12.6,0.0,0.0,0.19999999999999987,0.0,0.0,0.0,0.0,0.0,0.19999999999999987,0.19999999999999987,0.0,0.19999999999999987,0.19999999999999987
2,50.6,10.0,10.0,19.0,10.0,10.0,19.0,0.0,0.0,0.0,0.0,0.0,0.0,0.0,0.0,0.0,0.0,0.0,0.0,0.0
3,50.6,0.0,0.0,19.0,0.0,0.0,19.0,0.0,0.0,0.0,0.0,0.0,0.0,0.0,0.0,0.0,0.0,0.0,0.0,0.0
0,50.8,19.0,19.0,13.0,19.0,19.0,12.8,0.0,0.0,0.19999999999999987,0.0,0.0,0.0,0.0,0.0,0.19999999999999987,0.19999999999999987,0.0,0.19999999999999987,0.19999999999999987
1,50.8,19.0,0.0,13.0,19.0,0.0,12.8,0.0,0.0,0.19999999999999987,0.0,0.0,0.0,0.0,0.0,0.19999999999999987,0.19999999999999987,0.0,0.19999999999999987,0.19999999999999987
2,50.8,10.0,10.0,19.0,10.0,10.0,19.0,0.0,0.0,0.0,0.0,0.0,0.0,0.0,0.0,0.0,0.0,0.0,0.0,0.0
3,50.8,0.0,0.0,19.0,0.0,0.0,19.0,0.0,0.0,0.0,0.0,0.0,0.0,0.0,0.0,0.0,0.0,0.0,0.0,0.0
0,51.0,19.0,19.0,13.2,19.0,19.0,13.0,0.0,0.0,0.19999999999999987,0.0,0.0,0.0,0.0,0.0,0.19999999999999987,0.19999999999999987,0.0,0.19999999999999987,0.19999999999999987
1,51.0,19.0,0.0,13.2,19.0,0.0,13.0,0.0,0.0,0.19999999999999987,0.0,0.0,0.0,0.0,0.0,0.19999999999999987,0.19999999999999987,0.0,0.19999999999999987,0.19999999999999987
2,51.0,10.0,10.0,19.0,10.0,10.0,19.0,0.0,0.0,0.0,0.0,0.0,0.0,0.0,0.0,0.0,0.0,0.0,0.0,0.0
3,51.0,0.0,0.0,19.0,0.0,0.0,19.0,0.0,0.0,0.0,0.0,0.0,0.0,0.0,0.0,0.0,0.0,0.0,0.0,0.0
0,51.2,19.0,19.0,13.4,19.0,19.0,13.2,0.0,0.0,0.20000000000000048,0.0,0.0,0.0,0.0,0.0,0.20000000000000048,0.20000000000000048,0.0,0.20000000000000048,0.20000000000000048
1,51.2,19.0,0.0,13.4,19.0,0.0,13.2,0.0,0.0,0.20000000000000048,0.0,0.0,0.0,0.0,0.0,0.20000000000000048,0.20000000000000048,0.0,0.20000000000000048,0.20000000000000048
2,51.2,10.0,10.0,19.0,10.0,10.0,19.0,0.0,0.0,0.0,0.0,0.0,0.0,0.0,0.0,0.0,0.0,0.0,0.0,0.0
3,51.2,0.0,0.0,19.0,0.0,0.0,19.0,0.0,0.0,0.0,0.0,0.0,0.0,0.0,0.0,0.0,0.0,0.0,0.0,0.0
0,51.4,19.0,19.0,13.6,19.0,19.0,13.4,0.0,0.0,0.19999999999999987,0.0,0.0,0.0,0.0,0.0,0.19999999999999987,0.19999999999999987,0.0,0.19999999999999987,0.19999999999999987
1,51.4,19.0,0.0,13.6,19.0,0.0,13.4,0.0,0.0,0.19999999999999987,0.0,0.0,0.0,0.0,0.0,0.19999999999999987,0.19999999999999987,0.0,0.19999999999999987,0.19999999999999987
2,51.4,10.0,10.0,19.0,10.0,10.0,19.0,0.0,0.0,0.0,0.0,0.0,0.0,0.0,0.0,0.0,0.0,0.0,0.0,0.0
3,51.4,0.0,0.0,19.0,0.0,0.0,19.0,0.0,0.0,0.0,0.0,0.0,0.0,0.0,0.0,0.0,0.0,0.0,0.0,0.0
0,51.6,19.0,19.0,13.799999999999999,19.0,19.0,13.6,0.0,0.0,0.19999999999999987,0.0,0.0,0.0,0.0,0.0,0.19999999999999987,0.19999999999999987,0.0,0.19999999999999987,0.19999999999999987
1,51.6,19.0,0.0,13.799999999999999,19.0,0.0,13.6,0.0,0.0,0.19999999999999987,0.0,0.0,0.0,0.0,0.0,0.19999999999999987,0.19999999999999987,0.0,0.19999999999999987,0.19999999999999987
2,51.6,10.0,10.0,19.0,10.0,10.0,19.0,0.0,0.0,0.0,0.0,0.0,0.0,0.0,0.0,0.0,0.0,0.0,0.0,0.0
3,51.6,0.0,0.0,19.0,0.0,0.0,19.0,0.0,0.0,0.0,0.0,0.0,0.0,0.0,0.0,0.0,0.0,0.0,0.0,0.0
0,51.8,19.0,19.0,14.0,19.0,19.0,13.8,0.0,0.0,0.19999999999999987,0.0,0.0,0.0,0.0,0.0,0.19999999999999987,0.19999999999999987,0.0,0.19999999999999987,0.19999999999999987
1,51.8,19.0,0.0,14.0,19.0,0.0,13.8,0.0,0.0,0.19999999999999987,0.0,0.0,0.0,0.0,0.0,0.19999999999999987,0.19999999999999987,0.0,0.19999999999999987,0.19999999999999987
2,51.8,10.0,10.0,19.0,10.0,10.0,19.0,0.0,0.0,0.0,0.0,0.0,0.0,0.0,0.0,0.0,0.0,0.0,0.0,0.0
3,51.8,0.0,0.0,19.0,0.0,0.0,19.0,0.0,0.0,0.0,0.0,0.0,0.0,0.0,0.0,0.0,0.0,0.0,0.0,0.0
0,52.0,19.0,19.0,14.2,19.0,19.0,14.0,0.0,0.0,0.19999999999999987,0.0,0.0,0.0,0.0,0.0,0.19999999999999987,0.19999999999999987,0.0,0.19999999999999987,0.19999999999999987
1,52.0,19.0,0.0,14.2,19.0,0.0,14.0,0.0,0.0,0.19999999999999987,0.0,0.0,0.0,0.0,0.0,0.19999999999999987,0.19999999999999987,0.0,0.19999999999999987,0.19999999999999987
2,52.0,10.0,10.0,19.0,10.0,10.0,19.0,0.0,0.0,0.0,0.0,0.0,0.0,0.0,0.0,0.0,0.0,0.0,0.0,0.0
3,52.0,0.0,0.0,19.0,0.0,0.0,19.0,0.0,0.0,0.0,0.0,0.0,0.0,0.0,0.0,0.0,0.0,0.0,0.0,0.0
0,52.2,19.0,19.0,14.4,19.0,19.0,14.2,0.0,0.0,0.20000000000000048,0.0,0.0,0.0,0.0,0.0,0.20000000000000048,0.20000000000000048,0.0,0.20000000000000048,0.20000000000000048
1,52.2,19.0,0.0,14.4,19.0,0.0,14.2,0.0,0.0,0.20000000000000048,0.0,0.0,0.0,0.0,0.0,0.20000000000000048,0.20000000000000048,0.0,0.20000000000000048,0.20000000000000048
2,52.2,10.0,10.0,19.0,10.0,10.0,19.0,0.0,0.0,0.0,0.0,0.0,0.0,0.0,0.0,0.0,0.0,0.0,0.0,0.0
3,52.2,0.0,0.0,19.0,0.0,0.0,19.0,0.0,0.0,0.0,0.0,0.0,0.0,0.0,0.0,0.0,0.0,0.0,0.0,0.0
0,52.4,19.0,19.0,14.6,19.0,19.0,14.4,0.0,0.0,0.19999999999999987,0.0,0.0,0.0,0.0,0.0,0.19999999999999987,0.19999999999999987,0.0,0.19999999999999987,0.19999999999999987
1,52.4,19.0,0.0,14.6,19.0,0.0,14.4,0.0,0.0,0.19999999999999987,0.0,0.0,0.0,0.0,0.0,0.19999999999999987,0.19999999999999987,0.0,0.19999999999999987,0.19999999999999987
2,52.4,10.0,10.0,19.0,10.0,10.0,19.0,0.0,0.0,0.0,0.0,0.0,0.0,0.0,0.0,0.0,0.0,0.0,0.0,0.0
3,52.4,0.0,0.0,19.0,0.0,0.0,19.0,0.0,0.0,0.0,0.0,0.0,0.0,0.0,0.0,0.0,0.0,0.0,0.0,0.0
0,52.6,19.0,19.0,14.799999999999999,19.0,19.0,14.6,0.0,0.0,0.19999999999999987,0.0,0.0,0.0,0.0,0.0,0.19999999999999987,0.19999999999999987,0.0,0.19999999999999987,0.19999999999999987
1,52.6,19.0,0.0,14.799999999999999,19.0,0.0,14.6,0.0,0.0,0.19999999999999987,0.0,0.0,0.0,0.0,0.0,0.19999999999999987,0.19999999999999987,0.0,0.19999999999999987,0.19999999999999987
2,52.6,10.0,10.0,19.0,10.0,10.0,19.0,0.0,0.0,0.0,0.0,0.0,0.0,0.0,0.0,0.0,0.0,0.0,0.0,0.0
3,52.6,0.0,0.0,19.0,0.0,0.0,19.0,0.0,0.0,0.0,0.0,0.0,0.0,0.0,0.0,0.0,0.0,0.0,0.0,0.0
0,52.8,19.0,19.0,15.0,19.0,19.0,14.8,0.0,0.0,0.19999999999999987,0.0,0.0,0.0,0.0,0.0,0.19999999999999987,0.19999999999999987,0.0,0.19999999999999987,0.19999999999999987
1,52.8,19.0,0.0,15.0,19.0,0.0,14.8,0.0,0.0,0.19999999999999987,0.0,0.0,0.0,0.0,0.0,0.19999999999999987,0.19999999999999987,0.0,0.19999999999999987,0.19999999999999987
2,52.8,10.0,10.0,19.0,10.0,10.0,19.0,0.0,0.0,0.0,0.0,0.0,0.0,0.0,0.0,0.0,0.0,0.0,0.0,0.0
3,52.8,0.0,0.0,19.0,0.0,0.0,19.0,0.0,0.0,0.0,0.0,0.0,0.0,0.0,0.0,0.0,0.0,0.0,0.0,0.0
0,53.0,19.0,19.0,15.2,19.0,19.0,15.0,0.0,0.0,0.19999999999999987,0.0,0.0,0.0,0.0,0.0,0.19999999999999987,0.19999999999999987,0.0,0.19999999999999987,0.19999999999999987
1,53.0,19.0,0.0,15.2,19.0,0.0,15.0,0.0,0.0,0.19999999999999987,0.0,0.0,0.0,0.0,0.0,0.19999999999999987,0.19999999999999987,0.0,0.19999999999999987,0.19999999999999987
2,53.0,10.0,10.0,19.0,10.0,10.0,19.0,0.0,0.0,0.0,0.0,0.0,0.0,0.0,0.0,0.0,0.0,0.0,0.0,0.0
3,53.0,0.0,0.0,19.0,0.0,0.0,19.0,0.0,0.0,0.0,0.0,0.0,0.0,0.0,0.0,0.0,0.0,0.0,0.0,0.0
0,53.2,19.0,19.0,15.4,19.0,19.0,15.2,0.0,0.0,0.20000000000000048,0.0,0.0,0.0,0.0,0.0,0.20000000000000048,0.20000000000000048,0.0,0.20000000000000048,0.20000000000000048
1,53.2,19.0,0.0,15.4,19.0,0.0,15.2,0.0,0.0,0.20000000000000048,0.0,0.0,0.0,0.0,0.0,0.20000000000000048,0.20000000000000048,0.0,0.20000000000000048,0.20000000000000048
2,53.2,10.0,10.0,19.0,10.0,10.0,19.0,0.0,0.0,0.0,0.0,0.0,0.0,0.0,0.0,0.0,0.0,0.0,0.0,0.0
3,53.2,0.0,0.0,19.0,0.0,0.0,19.0,0.0,0.0,0.0,0.0,0.0,0.0,0.0,0.0,0.0,0.0,0.0,0.0,0.0
0,53.4,19.0,19.0,15.6,19.0,19.0,15.4,0.0,0.0,0.19999999999999987,0.0,0.0,0.0,0.0,0.0,0.19999999999999987,0.19999999999999987,0.0,0.19999999999999987,0.19999999999999987
1,53.4,19.0,0.0,15.6,19.0,0.0,15.4,0.0,0.0,0.19999999999999987,0.0,0.0,0.0,0.0,0.0,0.19999999999999987,0.19999999999999987,0.0,0.19999999999999987,0.19999999999999987
2,53.4,10.0,10.0,19.0,10.0,10.0,19.0,0.0,0.0,0.0,0.0,0.0,0.0,0.0,0.0,0.0,0.0,0.0,0.0,0.0
3,53.4,0.0,0.0,19.0,0.0,0.0,19.0,0.0,0.0,0.0,0.0,0.0,0.0,0.0,0.0,0.0,0.0,0.0,0.0,0.0
0,53.6,19.0,19.0,15.799999999999999,19.0,19.0,15.6,0.0,0.0,0.19999999999999987,0.0,0.0,0.0,0.0,0.0,0.19999999999999987,0.19999999999999987,0.0,0.19999999999999987,0.19999999999999987
1,53.6,19.0,0.0,15.799999999999999,19.0,0.0,15.6,0.0,0.0,0.19999999999999987,0.0,0.0,0.0,0.0,0.0,0.19999999999999987,0.19999999999999987,0.0,0.19999999999999987,0.19999999999999987
2,53.6,10.0,10.0,19.0,10.0,10.0,19.0,0.0,0.0,0.0,0.0,0.0,0.0,0.0,0.0,0.0,0.0,0.0,0.0,0.0
3,53.6,0.0,0.0,19.0,0.0,0.0,19.0,0.0,0.0,0.0,0.0,0.0,0.0,0.0,0.0,0.0,0.0,0.0,0.0,0.0
0,53.8,19.0,19.0,16.0,19.0,19.0,15.8,0.0,0.0,0.1999999999999993,0.0,0.0,0.0,0.0,0.0,0.1999999999999993,0.1999999999999993,0.0,0.1999999999999993,0.1999999999999993
1,53.8,19.0,0.0,16.0,19.0,0.0,15.8,0.0,0.0,0.1999999999999993,0.0,0.0,0.0,0.0,0.0,0.1999999999999993,0.1999999999999993,0.0,0.1999999999999993,0.1999999999999993
2,53.8,10.0,10.0,19.0,10.0,10.0,19.0,0.0,0.0,0.0,0.0,0.0,0.0,0.0,0.0,0.0,0.0,0.0,0.0,0.0
3,53.8,0.0,0.0,19.0,0.0,0.0,19.0,0.0,0.0,0.0,0.0,0.0,0.0,0.0,0.0,0.0,0.0,0.0,0.0,0.0
0,54.0,19.0,19.0,16.2,19.0,19.0,16.0,0.0,0.0,0.20000000000000048,0.0,0.0,0.0,0.0,0.0,0.20000000000000048,0.20000000000000048,0.0,0.20000000000000048,0.20000000000000048
1,54.0,19.0,0.0,16.2,19.0,0.0,16.0,0.0,0.0,0.20000000000000048,0.0,0.0,0.0,0.0,0.0,0.20000000000000048,0.20000000000000048,0.0,0.20000000000000048,0.20000000000000048
2,54.0,10.0,10.0,19.0,10.0,10.0,19.0,0.0,0.0,0.0,0.0,0.0,0.0,0.0,0.0,0.0,0.0,0.0,0.0,0.0
3,54.0,0.0,0.0,19.0,0.0,0.0,19.0,0.0,0.0,0.0,0.0,0.0,0.0,0.0,0.0,0.0,0.0,0.0,0.0,0.0
0,54.2,19.0,19.0,16.4,19.0,19.0,16.2,0.0,0.0,0.20000000000000048,0.0,0.0,0.0,0.0,0.0,0.20000000000000048,0.20000000000000048,0.0,0.20000000000000048,0.20000000000000048
1,54.2,19.0,0.0,16.4,19.0,0.0,16.2,0.0,0.0,0.20000000000000048,0.0,0.0,0.0,0.0,0.0,0.20000000000000048,0.20000000000000048,0.0,0.20000000000000048,0.20000000000000048
2,54.2,10.0,10.0,19.0,10.0,10.0,19.0,0.0,0.0,0.0,0.0,0.0,0.0,0.0,0.0,0.0,0.0,0.0,0.0,0.0
3,54.2,0.0,0.0,19.0,0.0,0.0,19.0,0.0,0.0,0.0,0.0,0.0,0.0,0.0,0.0,0.0,0.0,0.0,0.0,0.0
0,54.4,19.0,19.0,16.599999999999998,19.0,19.0,16.4,0.0,0.0,0.20000000000000048,0.0,0.0,0.0,0.0,0.0,0.20000000000000048,0.20000000000000048,0.0,0.20000000000000048,0.20000000000000048
1,54.4,19.0,0.0,16.599999999999998,19.0,0.0,16.4,0.0,0.0,0.20000000000000048,0.0,0.0,0.0,0.0,0.0,0.20000000000000048,0.20000000000000048,0.0,0.20000000000000048,0.20000000000000048
2,54.4,10.0,10.0,19.0,10.0,10.0,19.0,0.0,0.0,0.0,0.0,0.0,0.0,0.0,0.0,0.0,0.0,0.0,0.0,0.0
3,54.4,0.0,0.0,19.0,0.0,0.0,19.0,0.0,0.0,0.0,0.0,0.0,0.0,0.0,0.0,0.0,0.0,0.0,0.0,0.0
0,54.6,19.0,19.0,16.8,19.0,19.0,16.6,0.0,0.0,0.1999999999999993,0.0,0.0,0.0,0.0,0.0,0.1999999999999993,0.1999999999999993,0.0,0.1999999999999993,0.1999999999999993
1,54.6,19.0,0.0,16.8,19.0,0.0,16.6,0.0,0.0,0.1999999999999993,0.0,0.0,0.0,0.0,0.0,0.1999999999999993,0.1999999999999993,0.0,0.1999999999999993,0.1999999999999993
2,54.6,10.0,10.0,19.0,10.0,10.0,19.0,0.0,0.0,0.0,0.0,0.0,0.0,0.0,0.0,0.0,0.0,0.0,0.0,0.0
3,54.6,0.0,0.0,19.0,0.0,0.0,19.0,0.0,0.0,0.0,0.0,0.0,0.0,0.0,0.0,0.0,0.0,0.0,0.0,0.0
0,54.8,19.0,19.0,17.0,19.0,19.0,16.8,0.0,0.0,0.1999999999999993,0.0,0.0,0.0,0.0,0.0,0.1999999999999993,0.1999999999999993,0.0,0.1999999999999993,0.1999999999999993
1,54.8,19.0,0.0,17.0,19.0,0.0,16.8,0.0,0.0,0.1999999999999993,0.0,0.0,0.0,0.0,0.0,0.1999999999999993,0.1999999999999993,0.0,0.1999999999999993,0.1999999999999993
2,54.8,10.0,10.0,19.0,10.0,10.0,19.0,0.0,0.0,0.0,0.0,0.0,0.0,0.0,0.0,0.0,0.0,0.0,0.0,0.0
3,54.8,0.0,0.0,19.0,0.0,0.0,19.0,0.0,0.0,0.0,0.0,0.0,0.0,0.0,0.0,0.0,0.0,0.0,0.0,0.0
0,55.0,19.0,19.0,17.2,19.0,19.0,17.0,0.0,0.0,0.20000000000000048,0.0,0.0,0.0,0.0,0.0,0.20000000000000048,0.20000000000000048,0.0,0.20000000000000048,0.20000000000000048
1,55.0,19.0,0.0,17.2,19.0,0.0,17.0,0.0,0.0,0.20000000000000048,0.0,0.0,0.0,0.0,0.0,0.20000000000000048,0.20000000000000048,0.0,0.20000000000000048,0.20000000000000048
2,55.0,10.0,10.0,19.0,10.0,10.0,19.0,0.0,0.0,0.0,0.0,0.0,0.0,0.0,0.0,0.0,0.0,0.0,0.0,0.0
3,55.0,0.0,0.0,19.0,0.0,0.0,19.0,0.0,0.0,0.0,0.0,0.0,0.0,0.0,0.0,0.0,0.0,0.0,0.0,0.0
0,55.2,19.0,19.0,17.4,19.0,19.0,17.2,0.0,0.0,0.20000000000000048,0.0,0.0,0.0,0.0,0.0,0.20000000000000048,0.20000000000000048,0.0,0.20000000000000048,0.20000000000000048
1,55.2,19.0,0.0,17.4,19.0,0.0,17.2,0.0,0.0,0.20000000000000048,0.0,0.0,0.0,0.0,0.0,0.20000000000000048,0.20000000000000048,0.0,0.20000000000000048,0.20000000000000048
2,55.2,10.0,10.0,19.0,10.0,10.0,19.0,0.0,0.0,0.0,0.0,0.0,0.0,0.0,0.0,0.0,0.0,0.0,0.0,0.0
3,55.2,0.0,0.0,19.0,0.0,0.0,19.0,0.0,0.0,0.0,0.0,0.0,0.0,0.0,0.0,0.0,0.0,0.0,0.0,0.0
0,55.4,19.0,19.0,17.599999999999998,19.0,19.0,17.4,0.0,0.0,0.20000000000000048,0.0,0.0,0.0,0.0,0.0,0.20000000000000048,0.20000000000000048,0.0,0.20000000000000048,0.20000000000000048
1,55.4,19.0,0.0,17.599999999999998,19.0,0.0,17.4,0.0,0.0,0.20000000000000048,0.0,0.0,0.0,0.0,0.0,0.20000000000000048,0.20000000000000048,0.0,0.20000000000000048,0.20000000000000048
2,55.4,10.0,10.0,19.0,10.0,10.0,19.0,0.0,0.0,0.0,0.0,0.0,0.0,0.0,0.0,0.0,0.0,0.0,0.0,0.0
3,55.4,0.0,0.0,19.0,0.0,0.0,19.0,0.0,0.0,0.0,0.0,0.0,0.0,0.0,0.0,0.0,0.0,0.0,0.0,0.0
0,55.6,19.0,19.0,17.8,19.0,19.0,17.6,0.0,0.0,0.1999999999999993,0.0,0.0,0.0,0.0,0.0,0.1999999999999993,0.1999999999999993,0.0,0.1999999999999993,0.1999999999999993
1,55.6,19.0,0.0,17.8,19.0,0.0,17.6,0.0,0.0,0.1999999999999993,0.0,0.0,0.0,0.0,0.0,0.1999999999999993,0.1999999999999993,0.0,0.1999999999999993,0.1999999999999993
2,55.6,10.0,10.0,19.0,10.0,10.0,19.0,0.0,0.0,0.0,0.0,0.0,0.0,0.0,0.0,0.0,0.0,0.0,0.0,0.0
3,55.6,0.0,0.0,19.0,0.0,0.0,19.0,0.0,0.0,0.0,0.0,0.0,0.0,0.0,0.0,0.0,0.0,0.0,0.0,0.0
0,55.8,19.0,19.0,18.0,19.0,19.0,17.8,0.0,0.0,0.1999999999999993,0.0,0.0,0.0,0.0,0.0,0.1999999999999993,0.1999999999999993,0.0,0.1999999999999993,0.1999999999999993
1,55.8,19.0,0.0,18.0,19.0,0.0,17.8,0.0,0.0,0.1999999999999993,0.0,0.0,0.0,0.0,0.0,0.1999999999999993,0.1999999999999993,0.0,0.1999999999999993,0.1999999999999993
2,55.8,10.0,10.0,19.0,10.0,10.0,19.0,0.0,0.0,0.0,0.0,0.0,0.0,0.0,0.0,0.0,0.0,0.0,0.0,0.0
3,55.8,0.0,0.0,19.0,0.0,0.0,19.0,0.0,0.0,0.0,0.0,0.0,0.0,0.0,0.0,0.0,0.0,0.0,0.0,0.0
0,56.0,19.0,19.0,18.2,19.0,19.0,18.0,0.0,0.0,0.20000000000000048,0.0,0.0,0.0,0.0,0.0,0.20000000000000048,0.20000000000000048,0.0,0.20000000000000048,0.20000000000000048
1,56.0,19.0,0.0,18.2,19.0,0.0,18.0,0.0,0.0,0.20000000000000048,0.0,0.0,0.0,0.0,0.0,0.20000000000000048,0.20000000000000048,0.0,0.20000000000000048,0.20000000000000048
2,56.0,10.0,10.0,19.0,10.0,10.0,19.0,0.0,0.0,0.0,0.0,0.0,0.0,0.0,0.0,0.0,0.0,0.0,0.0,0.0
3,56.0,0.0,0.0,19.0,0.0,0.0,19.0,0.0,0.0,0.0,0.0,0.0,0.0,0.0,0.0,0.0,0.0,0.0,0.0,0.0
0,56.2,19.0,19.0,18.4,19.0,19.0,18.2,0.0,0.0,0.20000000000000048,0.0,0.0,0.0,0.0,0.0,0.20000000000000048,0.20000000000000048,0.0,0.20000000000000048,0.20000000000000048
1,56.2,19.0,0.0,18.4,19.0,0.0,18.2,0.0,0.0,0.20000000000000048,0.0,0.0,0.0,0.0,0.0,0.20000000000000048,0.20000000000000048,0.0,0.20000000000000048,0.20000000000000048
2,56.2,10.0,10.0,19.0,10.0,10.0,19.0,0.0,0.0,0.0,0.0,0.0,0.0,0.0,0.0,0.0,0.0,0.0,0.0,0.0
3,56.2,0.0,0.0,19.0,0.0,0.0,19.0,0.0,0.0,0.0,0.0,0.0,0.0,0.0,0.0,0.0,0.0,0.0,0.0,0.0
0,56.4,19.0,19.0,18.599999999999998,19.0,19.0,18.4,0.0,0.0,0.20000000000000048,0.0,0.0,0.0,0.0,0.0,0.20000000000000048,0.20000000000000048,0.0,0.20000000000000048,0.20000000000000048
1,56.4,19.0,0.0,18.599999999999998,19.0,0.0,18.4,0.0,0.0,0.20000000000000048,0.0,0.0,0.0,0.0,0.0,0.20000000000000048,0.20000000000000048,0.0,0.20000000000000048,0.20000000000000048
2,56.4,10.0,10.0,19.0,10.0,10.0,19.0,0.0,0.0,0.0,0.0,0.0,0.0,0.0,0.0,0.0,0.0,0.0,0.0,0.0
3,56.4,0.0,0.0,19.0,0.0,0.0,19.0,0.0,0.0,0.0,0.0,0.0,0.0,0.0,0.0,0.0,0.0,0.0,0.0,0.0
0,56.6,19.0,19.0,18.733333333333334,19.0,19.0,18.6,0.0,0.0,0.13333333333333286,0.0,0.0,0.0,0.0,0.0,0.13333333333333286,0.13333333333333286,0.0,0.13333333333333286,0.13333333333333286
1,56.6,19.0,0.0,18.733333333333334,19.0,0.0,18.6,0.0,0.0,0.13333333333333286,0.0,0.0,0.0,0.0,0.0,0.13333333333333286,0.13333333333333286,0.0,0.13333333333333286,0.13333333333333286
2,56.6,10.0,10.0,19.0,10.0,10.0,19.0,0.0,0.0,0.0,0.0,0.0,0.0,0.0,0.0,0.0,0.0,0.0,0.0,0.0
3,56.6,0.0,0.0,19.0,0.0,0.0,19.0,0.0,0.0,0.0,0.0,0.0,0.0,0.0,0.0,0.0,0.0,0.0,0.0,0.0
0,56.8,19.0,19.0,18.866666666666667,19.0,19.0,18.8,0.0,0.0,0.06666666666666643,0.0,0.0,0.0,0.0,0.0,0.06666666666666643,0.06666666666666643,0.0,0.06666666666666643,0.06666666666666643
1,56.8,19.0,0.0,18.866666666666667,19.0,0.0,18.8,0.0,0.0,0.06666666666666643,0.0,0.0,0.0,0.0,0.0,0.06666666666666643,0.06666666666666643,0.0,0.06666666666666643,0.06666666666666643
2,56.8,10.0,10.0,19.0,10.0,10.0,19.0,0.0,0.0,0.0,0.0,0.0,0.0,0.0,0.0,0.0,0.0,0.0,0.0,0.0
3,56.8,0.0,0.0,19.0,0.0,0.0,19.0,0.0,0.0,0.0,0.0,0.0,0.0,0.0,0.0,0.0,0.0,0.0,0.0,0.0
0,57.0,19.0,19.0,19.0,19.0,19.0,19.0,0.0,0.0,0.0,0.0,0.0,0.0,0.0,0.0,0.0,0.0,0.0,0.0,0.0
1,57.0,19.0,0.0,19.0,19.0,0.0,19.0,0.0,0.0,0.0,0.0,0.0,0.0,0.0,0.0,0.0,0.0,0.0,0.0,0.0
2,57.0,10.0,10.0,19.0,10.0,10.0,19.0,0.0,0.0,0.0,0.0,0.0,0.0,0.0,0.0,0.0,0.0,0.0,0.0,0.0
3,57.0,0.0,0.0,19.0,0.0,0.0,19.0,0.0,0.0,0.0,0.0,0.0,0.0,0.0,0.0,0.0,0.0,0.0,0.0,0.0
